time_ms,radar,camera,ego_speed_mps
0,empty,empty,20.0
10,empty,1 30.5 0.0 0.75,20.0
20,3 30.0 0.0 0.0 0.875,empty,20.0
30,3 30.0 0.0 0.0 0.875,1 30.5 0.0 0.75,20.0
40,10 50.0 0.0 0.0 0.875;11 45.0 0.0 0.0 0.875;12 40.0 0.0 0.0 0.875;13 35.0 0.0 0.0 0.875;14 30.0 1.25 0.0 0.875;15 25.0 0.0 0.0 0.25;16 20.0 -1.75 0.0 0.875;17 15.0 0.0 0.0 0.875,0 50.5 0.0 0.75;1 45.5 0.0 0.75;2 40.5 0.0 0.75;3 35.5 0.0 0.75;4 30.5 1.0 0.75;5 25.5 0.0 0.75;6 20.5 -1.75 0.75;7 60.0 0.0 0.75,20.0
50,10 50.0 0.0 0.0 0.875;11 45.0 0.0 0.0 0.875;12 40.0 0.0 0.0 0.875;13 35.0 0.0 0.0 0.875;14 30.0 1.25 0.0 0.875;15 25.0 0.0 0.0 0.25;16 20.0 -1.75 0.0 0.875;17 15.0 0.0 0.0 0.875,7 60.0 0.0 0.75;4 30.5 1.0 0.75;6 20.5 -1.75 0.75;0 50.5 0.0 0.75;5 25.5 0.0 0.75;2 40.5 0.0 0.75;1 45.5 0.0 0.75;3 35.5 0.0 0.75,20.0
60,invalid,0 50.5 0.0 0.75;1 45.5 0.0 0.75;2 40.5 0.0 0.75;3 35.5 0.0 0.75;4 30.5 1.0 0.75;5 25.5 0.0 0.75;6 20.5 -1.75 0.75;7 60.0 0.0 0.75,20.0
70,10 50.0 0.0 0.0 0.875;11 45.0 0.0 0.0 0.875;12 40.0 0.0 0.0 0.875;13 35.0 0.0 0.0 0.875;14 30.0 1.25 0.0 0.875;15 25.0 0.0 0.0 0.25;16 20.0 -1.75 0.0 0.875;17 15.0 0.0 0.0 0.875,invalid,20.0
80,10 50.0 0.0 0.0 0.875;11 45.0 0.0 0.0 0.875;12 40.0 0.0 0.0 0.875;13 35.0 0.0 0.0 0.875;14 30.0 1.25 0.0 0.875;15 25.0 0.0 0.0 0.25;16 20.0 -1.75 0.0 0.875;17 15.0 0.0 0.0 0.875,0 50.5 0.0 0.75;1 45.5 0.0 0.75;2 40.5 0.0 0.75;3 35.5 0.0 0.75;4 30.5 1.0 0.75;5 25.5 0.0 0.75;6 20.5 -1.75 0.75;7 60.0 0.0 0.75,invalid
90,empty,empty,20.0
100,3 6.0 0.0 0.0 0.875,1 6.5 0.0 0.75,20.0
110,10 50.0 0.0 0.0 0.875;11 45.0 0.0 0.0 0.875;12 40.0 0.0 0.0 0.875;13 35.0 0.0 0.0 0.875;14 30.0 1.25 0.0 0.875;15 25.0 0.0 0.0 0.25;16 20.0 -1.75 0.0 0.875;17 7.5 0.0 0.0 0.875,0 50.5 0.0 0.75;1 45.5 0.0 0.75;2 40.5 0.0 0.75;3 35.5 0.0 0.75;4 30.5 1.0 0.75;5 25.5 0.0 0.75;6 20.5 -1.75 0.75;7 7.75 0.25 0.75,20.0
120,empty,empty,20.0
130,3 30.0 0.0 0.0 0.875,1 30.5 0.0 0.75,20.0
140,3 30.0 0.0 0.0 0.875,1 30.5 0.0 0.75,20.0
150,3 30.0 0.0 0.0 0.875,1 30.5 0.0 0.75,20.0
160,10 50.0 0.0 0.0 0.875;11 45.0 0.0 0.0 0.875;12 40.0 0.0 0.0 0.875;13 35.0 0.0 0.0 0.875;14 30.0 1.25 0.0 0.875;15 25.0 0.0 0.0 0.25;16 20.0 -1.75 0.0 0.875;17 15.0 0.0 0.0 0.875,0 50.5 0.0 0.75;1 45.5 0.0 0.75;2 40.5 0.0 0.75;3 35.5 0.0 0.75;4 30.5 1.0 0.75;5 25.5 0.0 0.75;6 20.5 -1.75 0.75;7 60.0 0.0 0.75,20.0
170,empty,empty,20.0
180,3 30.0 0.0 0.0 0.875,1 30.5 0.0 0.75,20.0
190,10 50.0 0.0 0.0 0.875;11 45.0 0.0 0.0 0.875;12 40.0 0.0 0.0 0.875;13 35.0 0.0 0.0 0.875;14 30.0 1.25 0.0 0.875;15 25.0 0.0 0.0 0.25;16 20.0 -1.75 0.0 0.875;17 15.0 0.0 0.0 0.875,0 50.5 0.0 0.75;1 45.5 0.0 0.75;2 40.5 0.0 0.75;3 35.5 0.0 0.75;4 30.5 1.0 0.75;5 25.5 0.0 0.75;6 20.5 -1.75 0.75;7 60.0 0.0 0.75,20.0
