time_ms,sequence,mode,selected_object_id,target_acceleration_mps2,acceleration_mps2,radar_age_ns,camera_age_ns,ego_age_ns,ignored_observations
10,1,0,-1,0,0,0,0,0,0
20,2,0,-1,0,0,0,0,0,0
30,3,0,-1,0,0,0,0,0,0
40,4,0,3,0,0,0,0,0,0
50,5,0,14,0,0,0,0,0,0
60,6,0,14,0,0,0,0,0,0
70,7,2,-1,-3,-0.5,0,0,0,0
80,8,2,-1,-3,-1.0,0,0,0,0
90,9,2,-1,-3,-1.5,0,0,0,0
100,10,0,-1,0,-1.0,0,0,0,0
110,11,1,3,-3,-1.5,0,0,0,0
120,12,1,17,-3,-2.0,0,0,0,0
130,13,0,-1,0,-1.5,0,0,0,0
140,14,0,3,0,-1.0,0,0,0,0
150,15,0,3,0,-0.5,0,0,0,0
160,16,0,3,0,0,0,0,0,0
170,17,0,14,0,0,0,0,0,0
180,18,0,-1,0,0,0,0,0,0
190,19,0,3,0,0,0,0,0,0
200,20,0,14,0,0,0,0,0,0
