publication_ns,interval_end_ns,gap_m,relative_speed_mps,ego_speed_mps,ego_position_m,lead_position_m,lead_speed_mps,command_mps2,sampled_gap_m,sampled_relative_speed_mps,sampled_ego_speed_mps,applied_mps2
0,10000000,60.0,0.0,25.0,0.25,60.25,25.0,0.0,60.0,0.0,25.0,0.0
10000000,20000000,60.0,0.0,25.0,0.5,60.5,25.0,1.5,60.0,0.0,25.0,0.0
20000000,30000000,60.0,0.0,25.0,0.750075,60.75,25.0,1.5,60.0,0.0,25.0,1.5
30000000,40000000,59.999925,-0.015000000000000568,25.015,1.0003,61.0,25.0,1.5,60.0,0.0,25.0,1.5
40000000,50000000,59.9997,-0.030000000000001137,25.03,1.250675,61.25,25.0,1.5,59.999925,-0.015000000000000568,25.015,1.5
50000000,60000000,59.999325,-0.045000000000001705,25.045,1.5012,61.5,25.0,1.5,59.9997,-0.030000000000001137,25.03,1.5
60000000,70000000,59.9988,-0.060000000000002274,25.060000000000002,1.7518750000000003,61.75,25.0,1.5,59.999325,-0.045000000000001705,25.045,1.5
70000000,80000000,59.998125,-0.07500000000000284,25.075000000000003,2.0027,62.0,25.0,1.5,59.9988,-0.060000000000002274,25.060000000000002,1.5
80000000,90000000,59.9973,-0.09000000000000341,25.090000000000003,2.253675,62.25,25.0,1.5,59.998125,-0.07500000000000284,25.075000000000003,1.5
90000000,100000000,59.996325,-0.10500000000000398,25.105000000000004,2.5048,62.5,25.0,1.5,59.9973,-0.09000000000000341,25.090000000000003,1.5
100000000,110000000,59.9952,-0.12000000000000455,25.120000000000005,2.7560749999999996,62.75,25.0,1.5,59.996325,-0.10500000000000398,25.105000000000004,1.5
110000000,120000000,59.993925,-0.13500000000000512,25.135000000000005,3.0074999999999994,63.0,25.0,1.5,59.9952,-0.12000000000000455,25.120000000000005,1.5
120000000,130000000,59.9925,-0.15000000000000568,25.150000000000006,3.2590749999999993,63.25,25.0,1.5,59.993925,-0.13500000000000512,25.135000000000005,1.5
130000000,140000000,59.990925000000004,-0.16500000000000625,25.165000000000006,3.5107999999999993,63.5,25.0,1.5,59.9925,-0.15000000000000568,25.150000000000006,1.5
140000000,150000000,59.989200000000004,-0.18000000000000682,25.180000000000007,3.7626749999999993,63.75,25.0,1.5,59.990925000000004,-0.16500000000000625,25.165000000000006,1.5
150000000,160000000,59.987325,-0.1950000000000074,25.195000000000007,4.0146999999999995,64.0,25.0,1.5,59.989200000000004,-0.18000000000000682,25.180000000000007,1.5
160000000,170000000,59.9853,-0.21000000000000796,25.210000000000008,4.266875,64.25,25.0,1.5,59.987325,-0.1950000000000074,25.195000000000007,1.5
170000000,180000000,59.983125,-0.22500000000000853,25.22500000000001,4.5192,64.5,25.0,1.5,59.9853,-0.21000000000000796,25.210000000000008,1.5
180000000,190000000,59.9808,-0.2400000000000091,25.24000000000001,4.771674999999999,64.75,25.0,1.5,59.983125,-0.22500000000000853,25.22500000000001,1.5
190000000,200000000,59.978325,-0.25500000000000966,25.25500000000001,5.024299999999999,65.0,25.0,1.5,59.9808,-0.2400000000000091,25.24000000000001,1.5
200000000,210000000,59.9757,-0.27000000000001023,25.27000000000001,5.277074999999999,65.25,25.0,1.5,59.978325,-0.25500000000000966,25.25500000000001,1.5
210000000,220000000,59.972925000000004,-0.2850000000000108,25.28500000000001,5.529999999999999,65.5,25.0,1.5,59.9757,-0.27000000000001023,25.27000000000001,1.5
220000000,230000000,59.97,-0.30000000000001137,25.30000000000001,5.783074999999999,65.75,25.0,1.5,59.972925000000004,-0.2850000000000108,25.28500000000001,1.5
230000000,240000000,59.966925,-0.31500000000001194,25.315000000000012,6.036299999999999,66.0,25.0,1.5,59.97,-0.30000000000001137,25.30000000000001,1.5
240000000,250000000,59.9637,-0.3300000000000125,25.330000000000013,6.289674999999999,66.25,25.0,1.5,59.966925,-0.31500000000001194,25.315000000000012,1.5
250000000,260000000,59.960325,-0.3450000000000131,25.345000000000013,6.543199999999999,66.5,25.0,1.5,59.9637,-0.3300000000000125,25.330000000000013,1.5
260000000,270000000,59.9568,-0.36000000000001364,25.360000000000014,6.796874999999999,66.75,25.0,1.5,59.960325,-0.3450000000000131,25.345000000000013,1.5
270000000,280000000,59.953125,-0.3750000000000142,25.375000000000014,7.050699999999999,67.0,25.0,1.5,59.9568,-0.36000000000001364,25.360000000000014,1.5
280000000,290000000,59.9493,-0.3900000000000148,25.390000000000015,7.304674999999999,67.25,25.0,1.5,59.953125,-0.3750000000000142,25.375000000000014,1.5
290000000,300000000,59.945325000000004,-0.40500000000001535,25.405000000000015,7.558799999999999,67.5,25.0,1.5,59.9493,-0.3900000000000148,25.390000000000015,1.5
300000000,310000000,59.9412,-0.4200000000000159,25.420000000000016,7.813074999999999,67.75,25.0,1.5,59.945325000000004,-0.40500000000001535,25.405000000000015,1.5
310000000,320000000,59.936925,-0.4350000000000165,25.435000000000016,8.067499999999999,68.0,25.0,1.5,59.9412,-0.4200000000000159,25.420000000000016,1.5
320000000,330000000,59.932500000000005,-0.45000000000001705,25.450000000000017,8.322075,68.25,25.0,1.5,59.936925,-0.4350000000000165,25.435000000000016,1.5
330000000,340000000,59.927925,-0.4650000000000176,25.465000000000018,8.5768,68.5,25.0,1.5,59.932500000000005,-0.45000000000001705,25.450000000000017,1.5
340000000,350000000,59.9232,-0.4800000000000182,25.480000000000018,8.831675,68.75,25.0,1.5,59.927925,-0.4650000000000176,25.465000000000018,1.5
350000000,360000000,59.918324999999996,-0.49500000000001876,25.49500000000002,9.086700000000002,69.0,25.0,1.5,59.9232,-0.4800000000000182,25.480000000000018,1.5
360000000,370000000,59.9133,-0.5100000000000193,25.51000000000002,9.341875000000003,69.25,25.0,1.5,59.918324999999996,-0.49500000000001876,25.49500000000002,1.5
370000000,380000000,59.908125,-0.5250000000000199,25.52500000000002,9.597200000000004,69.5,25.0,1.5,59.9133,-0.5100000000000193,25.51000000000002,1.5
380000000,390000000,59.9028,-0.5400000000000205,25.54000000000002,9.852675000000005,69.75,25.0,1.5,59.908125,-0.5250000000000199,25.52500000000002,1.5
390000000,400000000,59.897324999999995,-0.555000000000021,25.55500000000002,10.108300000000005,70.0,25.0,1.5,59.9028,-0.5400000000000205,25.54000000000002,1.5
400000000,410000000,59.89169999999999,-0.5700000000000216,25.57000000000002,10.364075000000007,70.25,25.0,1.5,59.897324999999995,-0.555000000000021,25.55500000000002,1.5
410000000,420000000,59.88592499999999,-0.5850000000000222,25.585000000000022,10.620000000000008,70.5,25.0,1.5,59.89169999999999,-0.5700000000000216,25.57000000000002,1.5
420000000,430000000,59.879999999999995,-0.6000000000000227,25.600000000000023,10.876075000000009,70.75,25.0,1.5,59.88592499999999,-0.5850000000000222,25.585000000000022,1.5
430000000,440000000,59.87392499999999,-0.6150000000000233,25.615000000000023,11.13230000000001,71.0,25.0,1.5,59.879999999999995,-0.6000000000000227,25.600000000000023,1.5
440000000,450000000,59.86769999999999,-0.6300000000000239,25.630000000000024,11.38867500000001,71.25,25.0,1.5,59.87392499999999,-0.6150000000000233,25.615000000000023,1.5
450000000,460000000,59.861324999999994,-0.6450000000000244,25.645000000000024,11.645200000000012,71.5,25.0,1.5,59.86769999999999,-0.6300000000000239,25.630000000000024,1.5
460000000,470000000,59.85479999999999,-0.660000000000025,25.660000000000025,11.901875000000013,71.75,25.0,1.5,59.861324999999994,-0.6450000000000244,25.645000000000024,1.5
470000000,480000000,59.84812499999999,-0.6750000000000256,25.675000000000026,12.158700000000014,72.0,25.0,1.5,59.85479999999999,-0.660000000000025,25.660000000000025,1.5
480000000,490000000,59.84129999999999,-0.6900000000000261,25.690000000000026,12.415675000000014,72.25,25.0,1.5,59.84812499999999,-0.6750000000000256,25.675000000000026,1.5
490000000,500000000,59.834324999999986,-0.7050000000000267,25.705000000000027,12.672800000000015,72.5,25.0,1.5,59.84129999999999,-0.6900000000000261,25.690000000000026,1.5
500000000,510000000,59.82719999999998,-0.7200000000000273,25.720000000000027,12.930075000000016,72.75,25.0,1.5,59.834324999999986,-0.7050000000000267,25.705000000000027,1.5
510000000,520000000,59.819924999999984,-0.7350000000000279,25.735000000000028,13.187500000000018,73.0,25.0,1.5,59.82719999999998,-0.7200000000000273,25.720000000000027,1.5
520000000,530000000,59.812499999999986,-0.7500000000000284,25.75000000000003,13.445075000000019,73.25,25.0,1.5,59.819924999999984,-0.7350000000000279,25.735000000000028,1.5
530000000,540000000,59.80492499999998,-0.765000000000029,25.76500000000003,13.70280000000002,73.5,25.0,1.5,59.812499999999986,-0.7500000000000284,25.75000000000003,1.5
540000000,550000000,59.79719999999998,-0.7800000000000296,25.78000000000003,13.96067500000002,73.75,25.0,1.5,59.80492499999998,-0.765000000000029,25.76500000000003,1.5
550000000,560000000,59.78932499999998,-0.7950000000000301,25.79500000000003,14.218700000000021,74.0,25.0,1.5,59.79719999999998,-0.7800000000000296,25.78000000000003,1.5
560000000,570000000,59.78129999999998,-0.8100000000000307,25.81000000000003,14.476875000000023,74.25,25.0,1.5,59.78932499999998,-0.7950000000000301,25.79500000000003,1.5
570000000,580000000,59.77312499999998,-0.8250000000000313,25.82500000000003,14.735200000000024,74.5,25.0,1.5,59.78129999999998,-0.8100000000000307,25.81000000000003,1.5
580000000,590000000,59.76479999999998,-0.8400000000000318,25.840000000000032,14.993675000000025,74.75,25.0,1.5,59.77312499999998,-0.8250000000000313,25.82500000000003,1.5
590000000,600000000,59.756324999999975,-0.8550000000000324,25.855000000000032,15.252300000000025,75.0,25.0,1.5,59.76479999999998,-0.8400000000000318,25.840000000000032,1.5
600000000,610000000,59.74769999999997,-0.870000000000033,25.870000000000033,15.511075000000027,75.25,25.0,1.5,59.756324999999975,-0.8550000000000324,25.855000000000032,1.5
610000000,620000000,59.73892499999997,-0.8850000000000335,25.885000000000034,15.770000000000028,75.5,25.0,1.5,59.74769999999997,-0.870000000000033,25.870000000000033,1.5
620000000,630000000,59.729999999999976,-0.9000000000000341,25.900000000000034,16.029075000000027,75.75,25.0,1.5,59.73892499999997,-0.8850000000000335,25.885000000000034,1.5
630000000,640000000,59.72092499999997,-0.9150000000000347,25.915000000000035,16.288300000000028,76.0,25.0,1.5,59.729999999999976,-0.9000000000000341,25.900000000000034,1.5
640000000,650000000,59.71169999999997,-0.9300000000000352,25.930000000000035,16.547675000000027,76.25,25.0,1.5,59.72092499999997,-0.9150000000000347,25.915000000000035,1.5
650000000,660000000,59.70232499999997,-0.9450000000000358,25.945000000000036,16.807200000000027,76.5,25.0,1.5,59.71169999999997,-0.9300000000000352,25.930000000000035,1.5
660000000,670000000,59.69279999999998,-0.9600000000000364,25.960000000000036,17.066875000000024,76.75,25.0,1.5,59.70232499999997,-0.9450000000000358,25.945000000000036,1.5
670000000,680000000,59.683124999999976,-0.975000000000037,25.975000000000037,17.326700000000024,77.0,25.0,1.5,59.69279999999998,-0.9600000000000364,25.960000000000036,1.5
680000000,690000000,59.673299999999976,-0.9900000000000375,25.990000000000038,17.586675000000024,77.25,25.0,1.5,59.683124999999976,-0.975000000000037,25.975000000000037,1.5
690000000,700000000,59.66332499999997,-1.005000000000038,26.005000000000038,17.846800000000023,77.5,25.0,1.5,59.673299999999976,-0.9900000000000375,25.990000000000038,1.5
700000000,710000000,59.65319999999998,-1.0200000000000387,26.02000000000004,18.107075000000023,77.75,25.0,1.5,59.66332499999997,-1.005000000000038,26.005000000000038,1.5
710000000,720000000,59.64292499999998,-1.0350000000000392,26.03500000000004,18.36750000000002,78.0,25.0,1.5,59.65319999999998,-1.0200000000000387,26.02000000000004,1.5
720000000,730000000,59.63249999999998,-1.0500000000000398,26.05000000000004,18.62807500000002,78.25,25.0,1.5,59.64292499999998,-1.0350000000000392,26.03500000000004,1.5
730000000,740000000,59.621924999999976,-1.0650000000000404,26.06500000000004,18.88880000000002,78.5,25.0,1.5,59.63249999999998,-1.0500000000000398,26.05000000000004,1.5
740000000,750000000,59.61119999999998,-1.080000000000041,26.08000000000004,19.14967500000002,78.75,25.0,1.5,59.621924999999976,-1.0650000000000404,26.06500000000004,1.5
750000000,760000000,59.600324999999984,-1.0950000000000415,26.09500000000004,19.41070000000002,79.0,25.0,1.5,59.61119999999998,-1.080000000000041,26.08000000000004,1.5
760000000,770000000,59.58929999999998,-1.110000000000042,26.110000000000042,19.671875000000018,79.25,25.0,1.5,59.600324999999984,-1.0950000000000415,26.09500000000004,1.5
770000000,780000000,59.578124999999986,-1.1250000000000426,26.125000000000043,19.933200000000017,79.5,25.0,1.5,59.58929999999998,-1.110000000000042,26.110000000000042,1.5
780000000,790000000,59.566799999999986,-1.1400000000000432,26.140000000000043,20.194675000000018,79.75,25.0,1.5,59.578124999999986,-1.1250000000000426,26.125000000000043,1.5
790000000,800000000,59.55532499999998,-1.1550000000000438,26.155000000000044,20.456300000000017,80.0,25.0,1.5,59.566799999999986,-1.1400000000000432,26.140000000000043,1.5
800000000,810000000,59.54369999999999,-1.1700000000000443,26.170000000000044,20.718075000000017,80.25,25.0,1.5,59.55532499999998,-1.1550000000000438,26.155000000000044,1.5
810000000,820000000,59.53192499999999,-1.185000000000045,26.185000000000045,20.980000000000015,80.5,25.0,1.5,59.54369999999999,-1.1700000000000443,26.170000000000044,1.5
820000000,830000000,59.51999999999998,-1.2000000000000455,26.200000000000045,21.242075000000014,80.75,25.0,1.5,59.53192499999999,-1.185000000000045,26.185000000000045,1.5
830000000,840000000,59.507924999999986,-1.215000000000046,26.215000000000046,21.504300000000015,81.0,25.0,1.5,59.51999999999998,-1.2000000000000455,26.200000000000045,1.5
840000000,850000000,59.495699999999985,-1.2300000000000466,26.230000000000047,21.766675000000014,81.25,25.0,1.5,59.507924999999986,-1.215000000000046,26.215000000000046,1.5
850000000,860000000,59.48332499999999,-1.2450000000000472,26.245000000000047,22.029200000000014,81.5,25.0,1.5,59.495699999999985,-1.2300000000000466,26.230000000000047,1.5
860000000,870000000,59.47079999999998,-1.2600000000000477,26.260000000000048,22.29187500000001,81.75,25.0,1.5,59.48332499999999,-1.2450000000000472,26.245000000000047,1.5
870000000,880000000,59.45812499999999,-1.2750000000000483,26.27500000000005,22.55470000000001,82.0,25.0,1.5,59.47079999999998,-1.2600000000000477,26.260000000000048,1.5
880000000,890000000,59.44529999999999,-1.2900000000000489,26.29000000000005,22.817675000000012,82.25,25.0,1.5,59.45812499999999,-1.2750000000000483,26.27500000000005,1.5
890000000,900000000,59.43232499999999,-1.3050000000000495,26.30500000000005,23.08080000000001,82.5,25.0,1.5,59.44529999999999,-1.2900000000000489,26.29000000000005,1.5
900000000,910000000,59.41919999999999,-1.32000000000005,26.32000000000005,23.34407500000001,82.75,25.0,1.5,59.43232499999999,-1.3050000000000495,26.30500000000005,1.5
910000000,920000000,59.40592499999999,-1.3350000000000506,26.33500000000005,23.60750000000001,83.0,25.0,1.5,59.41919999999999,-1.32000000000005,26.32000000000005,1.5
920000000,930000000,59.39249999999999,-1.3500000000000512,26.35000000000005,23.87107500000001,83.25,25.0,1.5,59.40592499999999,-1.3350000000000506,26.33500000000005,1.5
930000000,940000000,59.378924999999995,-1.3650000000000517,26.36500000000005,24.13480000000001,83.5,25.0,1.5,59.39249999999999,-1.3500000000000512,26.35000000000005,1.5
940000000,950000000,59.36519999999999,-1.3800000000000523,26.380000000000052,24.398675000000008,83.75,25.0,1.5,59.378924999999995,-1.3650000000000517,26.36500000000005,1.5
950000000,960000000,59.35132499999999,-1.3950000000000529,26.395000000000053,24.662700000000008,84.0,25.0,1.5,59.36519999999999,-1.3800000000000523,26.380000000000052,1.5
960000000,970000000,59.33729999999999,-1.4100000000000534,26.410000000000053,24.926875000000006,84.25,25.0,1.5,59.35132499999999,-1.3950000000000529,26.395000000000053,1.5
970000000,980000000,59.32312499999999,-1.425000000000054,26.425000000000054,25.191200000000006,84.5,25.0,1.5,59.33729999999999,-1.4100000000000534,26.410000000000053,1.5
980000000,990000000,59.30879999999999,-1.4400000000000546,26.440000000000055,25.455675000000006,84.75,25.0,1.5,59.32312499999999,-1.425000000000054,26.425000000000054,1.5
990000000,1000000000,59.29432499999999,-1.4550000000000551,26.455000000000055,25.720300000000005,85.0,25.0,1.5,59.30879999999999,-1.4400000000000546,26.440000000000055,1.5
1000000000,1010000000,59.27969999999999,-1.4700000000000557,26.470000000000056,25.985075000000005,85.25,25.0,1.5,59.29432499999999,-1.4550000000000551,26.455000000000055,1.5
1010000000,1020000000,59.26492499999999,-1.4850000000000563,26.485000000000056,26.250000000000004,85.5,25.0,1.5,59.27969999999999,-1.4700000000000557,26.470000000000056,1.5
1020000000,1030000000,59.25,-1.5000000000000568,26.500000000000057,26.515075000000003,85.75,25.0,1.5,59.26492499999999,-1.4850000000000563,26.485000000000056,1.5
1030000000,1040000000,59.234925,-1.5150000000000574,26.515000000000057,26.780300000000004,86.0,25.0,1.5,59.25,-1.5000000000000568,26.500000000000057,1.5
1040000000,1050000000,59.219699999999996,-1.530000000000058,26.530000000000058,27.045675000000003,86.25,25.0,1.5,59.234925,-1.5150000000000574,26.515000000000057,1.5
1050000000,1060000000,59.204325,-1.5450000000000585,26.54500000000006,27.311200000000003,86.5,25.0,1.5,59.219699999999996,-1.530000000000058,26.530000000000058,1.5
1060000000,1070000000,59.1888,-1.5600000000000591,26.56000000000006,27.576875,86.75,25.0,1.5,59.204325,-1.5450000000000585,26.54500000000006,1.5
1070000000,1080000000,59.173125,-1.5750000000000597,26.57500000000006,27.8427,87.0,25.0,1.5,59.1888,-1.5600000000000591,26.56000000000006,1.5
1080000000,1090000000,59.1573,-1.5900000000000603,26.59000000000006,28.108675,87.25,25.0,1.5,59.173125,-1.5750000000000597,26.57500000000006,1.5
1090000000,1100000000,59.141324999999995,-1.6050000000000608,26.60500000000006,28.3748,87.5,25.0,1.5,59.1573,-1.5900000000000603,26.59000000000006,1.5
1100000000,1110000000,59.1252,-1.6200000000000614,26.62000000000006,28.641075,87.75,25.0,1.5,59.141324999999995,-1.6050000000000608,26.60500000000006,1.5
1110000000,1120000000,59.108925,-1.635000000000062,26.635000000000062,28.9075,88.0,25.0,1.5,59.1252,-1.6200000000000614,26.62000000000006,1.5
1120000000,1130000000,59.0925,-1.6500000000000625,26.650000000000063,29.174075,88.25,25.0,1.5,59.108925,-1.635000000000062,26.635000000000062,1.5
1130000000,1140000000,59.075925,-1.665000000000063,26.665000000000063,29.4408,88.5,25.0,1.5,59.0925,-1.6500000000000625,26.650000000000063,1.5
1140000000,1150000000,59.059200000000004,-1.6800000000000637,26.680000000000064,29.707675,88.75,25.0,1.5,59.075925,-1.665000000000063,26.665000000000063,1.5
1150000000,1160000000,59.042325000000005,-1.6950000000000642,26.695000000000064,29.9747,89.0,25.0,1.5,59.059200000000004,-1.6800000000000637,26.680000000000064,1.5
1160000000,1170000000,59.0253,-1.7100000000000648,26.710000000000065,30.241874999999997,89.25,25.0,1.5,59.042325000000005,-1.6950000000000642,26.695000000000064,1.5
1170000000,1180000000,59.00812500000001,-1.7250000000000654,26.725000000000065,30.509199999999996,89.5,25.0,1.5,59.0253,-1.7100000000000648,26.710000000000065,1.5
1180000000,1190000000,58.99080000000001,-1.740000000000066,26.740000000000066,30.776674999999997,89.75,25.0,1.5,59.00812500000001,-1.7250000000000654,26.725000000000065,1.5
1190000000,1200000000,58.973325,-1.7550000000000665,26.755000000000067,31.044299999999996,90.0,25.0,1.5,58.99080000000001,-1.740000000000066,26.740000000000066,1.5
1200000000,1210000000,58.95570000000001,-1.770000000000067,26.770000000000067,31.312074999999997,90.25,25.0,1.5,58.973325,-1.7550000000000665,26.755000000000067,1.5
1210000000,1220000000,58.93792500000001,-1.7850000000000676,26.785000000000068,31.579999999999995,90.5,25.0,1.5,58.95570000000001,-1.770000000000067,26.770000000000067,1.5
1220000000,1230000000,58.92,-1.8000000000000682,26.800000000000068,31.848074999999994,90.75,25.0,1.5,58.93792500000001,-1.7850000000000676,26.785000000000068,1.5
1230000000,1240000000,58.901925000000006,-1.8150000000000688,26.81500000000007,32.116299999999995,91.0,25.0,1.5,58.92,-1.8000000000000682,26.800000000000068,1.5
1240000000,1250000000,58.883700000000005,-1.8300000000000693,26.83000000000007,32.384675,91.25,25.0,1.5,58.901925000000006,-1.8150000000000688,26.81500000000007,1.5
1250000000,1260000000,58.865325,-1.84500000000007,26.84500000000007,32.653200000000005,91.5,25.0,1.5,58.883700000000005,-1.8300000000000693,26.83000000000007,1.5
1260000000,1270000000,58.846799999999995,-1.8600000000000705,26.86000000000007,32.92187500000001,91.75,25.0,1.5,58.865325,-1.84500000000007,26.84500000000007,1.5
1270000000,1280000000,58.82812499999999,-1.875000000000071,26.87500000000007,33.190700000000014,92.0,25.0,1.5,58.846799999999995,-1.8600000000000705,26.86000000000007,1.5
1280000000,1290000000,58.809299999999986,-1.8900000000000716,26.89000000000007,33.45967500000002,92.25,25.0,1.5,58.82812499999999,-1.875000000000071,26.87500000000007,1.5
1290000000,1300000000,58.79032499999998,-1.9050000000000722,26.905000000000072,33.72880000000002,92.5,25.0,1.5,58.809299999999986,-1.8900000000000716,26.89000000000007,1.5
1300000000,1310000000,58.77119999999998,-1.9200000000000728,26.920000000000073,33.99807500000002,92.75,25.0,1.5,58.79032499999998,-1.9050000000000722,26.905000000000072,1.5
1310000000,1320000000,58.75192499999998,-1.9350000000000733,26.935000000000073,34.26750000000003,93.0,25.0,1.5,58.77119999999998,-1.9200000000000728,26.920000000000073,1.5
1320000000,1330000000,58.73249999999997,-1.950000000000074,26.950000000000074,34.53707500000003,93.25,25.0,1.5,58.75192499999998,-1.9350000000000733,26.935000000000073,1.5
1330000000,1340000000,58.71292499999997,-1.9650000000000745,26.965000000000074,34.80680000000003,93.5,25.0,1.5,58.73249999999997,-1.950000000000074,26.950000000000074,1.5
1340000000,1350000000,58.69319999999997,-1.980000000000075,26.980000000000075,35.07667500000004,93.75,25.0,1.5,58.71292499999997,-1.9650000000000745,26.965000000000074,1.5
1350000000,1360000000,58.67332499999996,-1.9950000000000756,26.995000000000076,35.34670000000004,94.0,25.0,1.5,58.69319999999997,-1.980000000000075,26.980000000000075,1.5
1360000000,1370000000,58.65329999999996,-2.010000000000076,27.010000000000076,35.61687500000004,94.25,25.0,1.5,58.67332499999996,-1.9950000000000756,26.995000000000076,1.5
1370000000,1380000000,58.63312499999996,-2.0250000000000767,27.025000000000077,35.88720000000004,94.5,25.0,1.5,58.65329999999996,-2.010000000000076,27.010000000000076,1.5
1380000000,1390000000,58.61279999999996,-2.0400000000000773,27.040000000000077,36.15767500000005,94.75,25.0,1.5,58.63312499999996,-2.0250000000000767,27.025000000000077,1.5
1390000000,1400000000,58.59232499999995,-2.055000000000078,27.055000000000078,36.42830000000005,95.0,25.0,1.5,58.61279999999996,-2.0400000000000773,27.040000000000077,1.5
1400000000,1410000000,58.57169999999995,-2.0700000000000784,27.07000000000008,36.69907500000005,95.25,25.0,1.5,58.59232499999995,-2.055000000000078,27.055000000000078,1.5
1410000000,1420000000,58.55092499999995,-2.085000000000079,27.08500000000008,36.970000000000056,95.5,25.0,1.5,58.57169999999995,-2.0700000000000784,27.07000000000008,1.5
1420000000,1430000000,58.529999999999944,-2.1000000000000796,27.10000000000008,37.24107500000006,95.75,25.0,1.5,58.55092499999995,-2.085000000000079,27.08500000000008,1.5
1430000000,1440000000,58.50892499999994,-2.11500000000008,27.11500000000008,37.51230000000006,96.0,25.0,1.5,58.529999999999944,-2.1000000000000796,27.10000000000008,1.5
1440000000,1450000000,58.48769999999994,-2.1300000000000807,27.13000000000008,37.783675000000066,96.25,25.0,1.5,58.50892499999994,-2.11500000000008,27.11500000000008,1.5
1450000000,1460000000,58.466324999999934,-2.1450000000000813,27.14500000000008,38.05520000000007,96.5,25.0,1.5,58.48769999999994,-2.1300000000000807,27.13000000000008,1.5
1460000000,1470000000,58.44479999999993,-2.160000000000082,27.160000000000082,38.32687500000007,96.75,25.0,1.5,58.466324999999934,-2.1450000000000813,27.14500000000008,1.5
1470000000,1480000000,58.42312499999993,-2.1750000000000824,27.175000000000082,38.59870000000007,97.0,25.0,1.5,58.44479999999993,-2.160000000000082,27.160000000000082,1.5
1480000000,1490000000,58.40129999999993,-2.190000000000083,27.190000000000083,38.87067500000008,97.25,25.0,1.5,58.42312499999993,-2.1750000000000824,27.175000000000082,1.5
1490000000,1500000000,58.37932499999992,-2.2050000000000836,27.205000000000084,39.14280000000008,97.5,25.0,1.5,58.40129999999993,-2.190000000000083,27.190000000000083,1.5
1500000000,1510000000,58.35719999999992,-2.220000000000084,27.220000000000084,39.41507500000008,97.75,25.0,1.5,58.37932499999992,-2.2050000000000836,27.205000000000084,1.5
1510000000,1520000000,58.33492499999992,-2.2350000000000847,27.235000000000085,39.687500000000085,98.0,25.0,1.5,58.35719999999992,-2.220000000000084,27.220000000000084,1.5
1520000000,1530000000,58.312499999999915,-2.2500000000000853,27.250000000000085,39.96007500000009,98.25,25.0,1.5,58.33492499999992,-2.2350000000000847,27.235000000000085,1.5
1530000000,1540000000,58.28992499999991,-2.265000000000086,27.265000000000086,40.23280000000009,98.5,25.0,1.5,58.312499999999915,-2.2500000000000853,27.250000000000085,1.5
1540000000,1550000000,58.26719999999991,-2.2800000000000864,27.280000000000086,40.505675000000096,98.75,25.0,1.5,58.28992499999991,-2.265000000000086,27.265000000000086,1.5
1550000000,1560000000,58.244324999999904,-2.295000000000087,27.295000000000087,40.7787000000001,99.0,25.0,1.5,58.26719999999991,-2.2800000000000864,27.280000000000086,1.5
1560000000,1570000000,58.2212999999999,-2.3100000000000875,27.310000000000088,41.0518750000001,99.25,25.0,1.5,58.244324999999904,-2.295000000000087,27.295000000000087,1.5
1570000000,1580000000,58.1981249999999,-2.325000000000088,27.325000000000088,41.3252000000001,99.5,25.0,1.5,58.2212999999999,-2.3100000000000875,27.310000000000088,1.5
1580000000,1590000000,58.1747999999999,-2.3400000000000887,27.34000000000009,41.59867500000011,99.75,25.0,1.4837187499998121,58.1981249999999,-2.325000000000088,27.325000000000088,1.5
1590000000,1600000000,58.15132499999989,-2.3550000000000892,27.35500000000009,41.87229918593761,100.0,25.0,1.4496799999998107,58.1747999999999,-2.3400000000000887,27.34000000000009,1.4837187499998121
1600000000,1610000000,58.12770081406239,-2.3698371875000888,27.36983718750009,42.14607004181261,100.25,25.0,1.4155887499998085,58.15132499999989,-2.3550000000000892,27.35500000000009,1.4496799999998107
1610000000,1620000000,58.10392995818739,-2.3843339875000886,27.38433398750009,42.41998416112511,100.5,25.0,1.3817261364841835,58.12770081406239,-2.3698371875000888,27.36983718750009,1.4155887499998085
1620000000,1630000000,58.08001583887489,-2.398489875000088,27.398489875000088,42.69403814618193,100.75,25.0,1.3483993569279336,58.10392995818739,-2.3843339875000886,27.38433398750009,1.3817261364841835
1630000000,1640000000,58.05596185381807,-2.41230713636493,27.41230713636493,42.96822863751343,101.0,25.0,1.3156105092310595,58.08001583887489,-2.398489875000088,27.398489875000088,1.3483993569279336
1640000000,1650000000,58.03177136248657,-2.425791129934211,27.42579112993421,43.24255232933823,101.25,25.0,1.2833568386068195,58.05596185381807,-2.41230713636493,27.41230713636493,1.3156105092310595
1650000000,1660000000,58.00744767066177,-2.4389472350265216,27.43894723502652,43.51700596953042,101.5,25.0,1.2516302777337862,58.03177136248657,-2.425791129934211,27.42579112993421,1.2833568386068195
1660000000,1670000000,57.98299403046958,-2.451780803412589,27.45178080341259,43.79158635907844,101.75,25.0,1.2204227043108684,58.00744767066177,-2.4389472350265216,27.43894723502652,1.2516302777337862
1670000000,1680000000,57.95841364092156,-2.464297106189928,27.464297106189928,44.066290351275555,102.0,25.0,1.1897260247776358,57.98299403046958,-2.451780803412589,27.45178080341259,1.2204227043108684
1680000000,1690000000,57.933709648724445,-2.4765013332330383,27.47650133323304,44.34111485090912,102.25,25.0,1.1595322661449212,57.95841364092156,-2.464297106189928,27.464297106189928,1.1897260247776358
1690000000,1700000000,57.90888514909088,-2.488398593480813,27.488398593480813,44.616056813457234,102.5,25.0,1.1298335772265653,57.933709648724445,-2.4765013332330383,27.47650133323304,1.1595322661449212
1700000000,1710000000,57.883943186542766,-2.4999939161422624,27.499993916142262,44.89111324429752,102.75,25.0,1.100622228427404,57.90888514909088,-2.488398593480813,27.488398593480813,1.1298335772265653
1710000000,1720000000,57.85888675570248,-2.5112922519145293,27.51129225191453,45.166281197928086,103.0,25.0,1.0718906099445649,57.883943186542766,-2.4999939161422624,27.499993916142262,1.100622228427404
1720000000,1730000000,57.833718802071914,-2.522298474198802,27.522298474198802,45.44155777720057,103.25,25.0,1.0436312299433035,57.85888675570248,-2.5112922519145293,27.51129225191453,1.0718906099445649
1730000000,1740000000,57.80844222279943,-2.533017380298247,27.533017380298247,45.71694013256506,103.5,25.0,1.0158367127322365,57.833718802071914,-2.522298474198802,27.522298474198802,1.0436312299433035
1740000000,1750000000,57.78305986743494,-2.54345369259768,27.54345369259768,45.99242546132667,103.75,25.0,0.9884997969653235,57.80844222279943,-2.533017380298247,27.533017380298247,1.0158367127322365
1750000000,1760000000,57.75757453867333,-2.553612059725001,27.553612059725,46.26801100691377,104.0,25.0,0.9616133338712318,57.78305986743494,-2.54345369259768,27.54345369259768,0.9884997969653235
1760000000,1770000000,57.73198899308623,-2.5634970576946543,27.563497057694654,46.543694058157406,104.25,25.0,0.9351702855100381,57.75757453867333,-2.553612059725001,27.553612059725,0.9616133338712318
1770000000,1780000000,57.706305941842594,-2.573113191033368,27.573113191033368,46.81947194858201,104.5,25.0,0.9091637230569036,57.73198899308623,-2.5634970576946543,27.563497057694654,0.9351702855100381
1780000000,1790000000,57.68052805141799,-2.582464893888467,27.582464893888467,47.09534205570705,104.75,25.0,0.8835868251123484,57.706305941842594,-2.573113191033368,27.573113191033368,0.9091637230569036
1790000000,1800000000,57.65465794429295,-2.5915565311190356,27.591556531119036,47.3713018003595,105.0,25.0,0.8584328760386901,57.68052805141799,-2.582464893888467,27.582464893888467,0.8835868251123484
1800000000,1810000000,57.6286981996405,-2.6003923993701576,27.600392399370158,47.647348645997,105.25,25.0,0.8336952643221966,57.65465794429295,-2.5915565311190356,27.591556531119036,0.8584328760386901
1810000000,1820000000,57.602651354003,-2.6089767281305463,27.608976728130546,47.92348009804152,105.5,25.0,0.8093674809606526,57.6286981996405,-2.6003923993701576,27.600392399370158,0.8336952643221966
1820000000,1830000000,57.57651990195848,-2.617313680773769,27.61731368077377,48.1996937032233,105.75,25.0,0.7854431178758574,57.602651354003,-2.6089767281305463,27.608976728130546,0.8093674809606526
1830000000,1840000000,57.5503062967767,-2.625407355583377,27.625407355583377,48.47598704893503,106.0,25.0,0.7619158663507162,57.57651990195848,-2.617313680773769,27.61731368077377,0.7854431178758574
1840000000,1850000000,57.52401295106497,-2.6332617867621373,27.633261786762137,48.75235776259597,106.25,25.0,0.7387795154905183,57.5503062967767,-2.625407355583377,27.625407355583377,0.7619158663507162
1850000000,1860000000,57.49764223740403,-2.640880945425643,27.640880945425643,49.028803511026,106.5,25.0,0.7160279507080509,57.52401295106497,-2.6332617867621373,27.633261786762137,0.7387795154905183
1860000000,1870000000,57.471196488974,-2.648268740580548,27.648268740580548,49.30532199982934,106.75,25.0,0.693655152232175,57.49764223740403,-2.640880945425643,27.640880945425643,0.7160279507080509
1870000000,1880000000,57.44467800017066,-2.6554290200876274,27.655429020087627,49.581910972787824,107.0,25.0,0.671655193639455,57.471196488974,-2.648268740580548,27.648268740580548,0.693655152232175
1880000000,1890000000,57.418089027212176,-2.66236557160995,27.66236557160995,49.85856821126361,107.25,25.0,0.6500222404085734,57.44467800017066,-2.6554290200876274,27.655429020087627,0.671655193639455
1890000000,1900000000,57.39143178873639,-2.669082123546346,27.669082123546346,50.135291533611095,107.5,25.0,0.6287505484970981,57.418089027212176,-2.66236557160995,27.66236557160995,0.6500222404085734
1900000000,1910000000,57.364708466388905,-2.6755823459504313,27.67558234595043,50.412078794598024,107.75,25.0,0.6078344629402901,57.39143178873639,-2.669082123546346,27.669082123546346,0.6287505484970981
1910000000,1920000000,57.337921205401976,-2.681869851435401,27.6818698514354,50.68892788483553,108.0,25.0,0.5872684164716224,57.364708466388905,-2.6755823459504313,27.67558234595043,0.6078344629402901
1920000000,1930000000,57.31107211516447,-2.6879481960648057,27.687948196064806,50.965836730217,108.25,25.0,0.5670469281646255,57.337921205401976,-2.681869851435401,27.6818698514354,0.5872684164716224
1930000000,1940000000,57.284163269783,-2.6938208802295236,27.693820880229524,51.242803291365696,108.5,25.0,0.5471646020957754,57.31107211516447,-2.6879481960648057,27.687948196064806,0.5670469281646255
1940000000,1950000000,57.257196708634304,-2.6994913495111703,27.69949134951117,51.51982556309091,108.75,25.0,0.5276161260281218,57.284163269783,-2.6938208802295236,27.693820880229524,0.5471646020957754
1950000000,1960000000,57.23017443690909,-2.704962995532128,27.704962995532128,51.79690157385254,109.0,25.0,0.5083962701152362,57.257196708634304,-2.6994913495111703,27.69949134951117,0.5276161260281218
1960000000,1970000000,57.20309842614746,-2.710239156792408,27.710239156792408,52.07402938523396,109.25,25.0,0.48949988562526014,57.23017443690909,-2.704962995532128,27.704962995532128,0.5083962701152362
1970000000,1980000000,57.17597061476604,-2.7153231194935614,27.71532311949356,52.351207091423184,109.5,25.0,0.470921903684709,57.20309842614746,-2.710239156792408,27.710239156792408,0.48949988562526014
1980000000,1990000000,57.148792908576816,-2.7202181183498126,27.720218118349813,52.62843281870187,109.75,25.0,0.4526573340417195,57.17597061476604,-2.7153231194935614,27.71532311949356,0.470921903684709
1990000000,2000000000,57.12156718129813,-2.72492733738666,27.72492733738666,52.90570472494244,110.0,25.0,0.4347012638484573,57.148792908576816,-2.7202181183498126,27.720218118349813,0.4526573340417195
2000000000,2010000000,57.09429527505756,-2.729453910727077,27.729453910727077,53.183020999112905,110.25,25.0,0.4170488564623578,57.12156718129813,-2.72492733738666,27.72492733738666,0.4347012638484573
2010000000,2020000000,57.066979000887095,-2.7338009233655605,27.73380092336556,53.46037986078938,110.5,25.0,0.3996953502659375,57.09429527505756,-2.729453910727077,27.729453910727077,0.4170488564623578
2020000000,2030000000,57.03962013921062,-2.7379714119301823,27.737971411930182,53.73777955967619,110.75,25.0,0.38263605750489216,57.066979000887095,-2.7338009233655605,27.73380092336556,0.3996953502659375
2030000000,2040000000,57.01222044032381,-2.741968365432843,27.741968365432843,54.015218375133394,111.0,25.0,0.3658663631441508,57.03962013921062,-2.7379714119301823,27.737971411930182,0.38263605750489216
2040000000,2050000000,56.984781624866606,-2.7457947260078903,27.74579472600789,54.29269461571163,111.25,25.0,0.34938172374167786,57.01222044032381,-2.741968365432843,27.741968365432843,0.3658663631441508
2050000000,2060000000,56.95730538428837,-2.7494533896393314,27.74945338963933,54.570206618694215,111.5,25.0,0.33317766633970036,56.984781624866606,-2.7457947260078903,27.74579472600789,0.34938172374167786
2060000000,2070000000,56.929793381305785,-2.7529472068767475,27.752947206876748,54.8477527496463,111.75,25.0,0.3172497873730813,56.95730538428837,-2.7494533896393314,27.74945338963933,0.33317766633970036
2070000000,2080000000,56.9022472503537,-2.7562789835401453,27.756278983540145,55.12533140197107,112.0,25.0,0.30159375159463364,56.929793381305785,-2.7529472068767475,27.752947206876748,0.3172497873730813
2080000000,2090000000,56.87466859802893,-2.759451481413876,27.759451481413876,55.402940996472786,112.25,25.0,0.2862052910170445,56.9022472503537,-2.7562789835401453,27.756278983540145,0.30159375159463364
2090000000,2100000000,56.847059003527214,-2.7624674189298233,27.762467418929823,55.68057998092664,112.5,25.0,0.27108020387119014,56.87466859802893,-2.759451481413876,27.759451481413876,0.2862052910170445
2100000000,2110000000,56.81942001907336,-2.765329471839994,27.765329471839994,55.95824682965523,112.75,25.0,0.2562143535805781,56.847059003527214,-2.7624674189298233,27.762467418929823,0.27108020387119014
2110000000,2120000000,56.79175317034477,-2.7680402738787073,27.768040273878707,56.2359400431117,113.0,25.0,0.24160366775168596,56.81942001907336,-2.765329471839994,27.765329471839994,0.2562143535805781
2120000000,2130000000,56.7640599568883,-2.770602417414512,27.770602417414512,56.51365814746923,113.25,25.0,0.22724413717989966,56.79175317034477,-2.7680402738787073,27.768040273878707,0.24160366775168596
2130000000,2140000000,56.73634185253077,-2.7730184540920284,27.77301845409203,56.79139969421701,113.5,25.0,0.21313181487087185,56.7640599568883,-2.770602417414512,27.770602417414512,0.22724413717989966
2140000000,2150000000,56.70860030578299,-2.775290895463826,27.775290895463826,57.0691632597624,113.75,25.0,0.1992628150770197,56.73634185253077,-2.7730184540920284,27.77301845409203,0.21313181487087185
2150000000,2160000000,56.6808367402376,-2.7774222136125353,27.777422213612535,57.34694744503928,114.0,25.0,0.18563331234894598,56.70860030578299,-2.775290895463826,27.775290895463826,0.1992628150770197
2160000000,2170000000,56.65305255496072,-2.7794148417633053,27.779414841763305,57.62475087512253,114.25,25.0,0.172239540601538,56.6808367402376,-2.7774222136125353,27.777422213612535,0.18563331234894598
2170000000,2180000000,56.62524912487747,-2.7812711748867933,27.781271174886793,57.902572198848425,114.5,25.0,0.15907779219454987,56.65305255496072,-2.7794148417633053,27.779414841763305,0.172239540601538
2180000000,2190000000,56.597427801151575,-2.7829935702928097,27.78299357029281,58.18041008844096,114.75,25.0,0.14614441702739667,56.62524912487747,-2.7812711748867933,27.781271174886793,0.15907779219454987
2190000000,2200000000,56.56958991155904,-2.7845843482147536,27.784584348214754,58.45826323914395,115.0,25.0,0.1334358216479532,56.597427801151575,-2.7829935702928097,27.78299357029281,0.14614441702739667
2200000000,2210000000,56.54173676085605,-2.7860457923850284,27.78604579238503,58.73613036885889,115.25,25.0,0.120948468375214,56.56958991155904,-2.7845843482147536,27.784584348214754,0.1334358216479532
2210000000,2220000000,56.51386963114111,-2.787380150601507,27.787380150601507,59.014010217788325,115.5,25.0,0.10867887443544166,56.54173676085605,-2.7860457923850284,27.78604579238503,0.120948468375214
2220000000,2230000000,56.485989782211675,-2.788589635285259,27.78858963528526,59.291901548084894,115.75,25.0,0.09662361111178974,56.51386963114111,-2.787380150601507,27.787380150601507,0.10867887443544166
2230000000,2240000000,56.458098451915106,-2.789676424029615,27.789676424029615,59.569803143505744,116.0,25.0,0.08477930290701474,56.485989782211675,-2.788589635285259,27.78858963528526,0.09662361111178974
2240000000,2250000000,56.430196856494256,-2.7906426601407333,27.790642660140733,59.847713809072296,116.25,25.0,0.07314262671919991,56.458098451915106,-2.789676424029615,27.789676424029615,0.08477930290701474
2250000000,2260000000,56.402286190927704,-2.7914904531698035,27.791490453169803,60.12563237073533,116.5,25.0,0.06171031103022484,56.430196856494256,-2.7906426601407333,27.790642660140733,0.07314262671919991
2260000000,2270000000,56.37436762926467,-2.792221879436994,27.792221879436994,60.403557675045256,116.75,25.0,0.05047913510678459,56.402286190927704,-2.7914904531698035,27.791490453169803,0.06171031103022484
2270000000,2280000000,56.346442324954744,-2.792838982547295,27.792838982547295,60.681488588827484,117.0,25.0,0.039445928213819315,56.37436762926467,-2.792221879436994,27.792221879436994,0.05047913510678459
2280000000,2290000000,56.318511411172516,-2.793343773898364,27.793343773898364,60.959423998862874,117.25,25.0,0.02860756884007687,56.346442324954744,-2.792838982547295,27.792838982547295,0.039445928213819315
2290000000,2300000000,56.290576001137126,-2.793738233180502,27.793738233180502,61.23736281157312,117.5,25.0,0.01796098393570089,56.318511411172516,-2.793343773898364,27.793343773898364,0.02860756884007687
2300000000,2310000000,56.26263718842688,-2.7940243088689023,27.794024308868902,61.515303952711,117.75,25.0,0.007503148161629003,56.290576001137126,-2.793738233180502,27.793738233180502,0.01796098393570089
2310000000,2320000000,56.234696047289,-2.7942039187082592,27.79420391870826,61.79324636705549,118.0,25.0,-0.0027689168494493543,56.26263718842688,-2.7940243088689023,27.794024308868902,0.007503148161629003
2320000000,2330000000,56.20675363294451,-2.7942789501898773,27.794278950189877,62.071189018111546,118.25,25.0,-0.012858143220596752,56.234696047289,-2.7942039187082592,27.79420391870826,-0.0027689168494493543
2330000000,2340000000,56.178810981888454,-2.794251261021383,27.794251261021383,62.3491308878146,118.5,25.0,-0.022767417546959212,56.20675363294451,-2.7942789501898773,27.794278950189877,-0.012858143220596752
2340000000,2350000000,56.1508691121854,-2.794122679589176,27.794122679589176,62.627070976239615,118.75,25.0,-0.03249958160092703,56.178810981888454,-2.794251261021383,27.794251261021383,-0.022767417546959212
2350000000,2360000000,56.122929023760385,-2.793895005413706,27.793895005413706,62.90500830131467,119.0,25.0,-0.042057433026438495,56.1508691121854,-2.794122679589176,27.794122679589176,-0.03249958160092703
2360000000,2370000000,56.09499169868533,-2.7935700095976976,27.793570009597698,63.18294189853899,119.25,25.0,-0.051443726022508685,56.122929023760385,-2.793895005413706,27.793895005413706,-0.042057433026438495
2370000000,2380000000,56.06705810146101,-2.793149435267434,27.793149435267434,63.46087082070536,119.5,25.0,-0.06066117201616361,56.09499169868533,-2.7935700095976976,27.793570009597698,-0.051443726022508685
2380000000,2390000000,56.03912917929464,-2.792634998007209,27.79263499800721,63.738794137626826,119.75,25.0,-0.0697124403249707,56.06705810146101,-2.793149435267434,27.793149435267434,-0.06066117201616361
2390000000,2400000000,56.011205862373174,-2.792028386287047,27.792028386287047,64.01671093586768,120.0,25.0,-0.07860015880931259,56.03912917929464,-2.792634998007209,27.79263499800721,-0.0697124403249707
2400000000,2410000000,55.98328906413232,-2.7913312618837978,27.791331261883798,64.29462031847858,120.25,25.0,-0.08732691451454588,56.011205862373174,-2.792028386287047,27.792028386287047,-0.07860015880931259
2410000000,2420000000,55.95537968152142,-2.790545260295705,27.790545260295705,64.57252140473581,120.5,25.0,-0.09589525430323897,55.98328906413232,-2.7913312618837978,27.791331261883798,-0.08732691451454588
2420000000,2430000000,55.92747859526419,-2.789671991150559,27.78967199115056,64.8504133298846,120.75,25.0,-0.10430768547759417,55.95537968152142,-2.790545260295705,27.790545260295705,-0.09589525430323897
2430000000,2440000000,55.8995866701154,-2.7887130386075256,27.788713038607526,65.1282952448864,121.0,25.0,-0.1125666763922486,55.92747859526419,-2.789671991150559,27.78967199115056,-0.10430768547759417
2440000000,2450000000,55.8717047551136,-2.7876699617527514,27.78766996175275,65.4061663161701,121.25,25.0,-0.1206746570575925,55.8995866701154,-2.7887130386075256,27.788713038607526,-0.1125666763922486
2450000000,2460000000,55.8438336838299,-2.786544294988829,27.78654429498883,65.68402572538713,121.5,25.0,-0.12863401973373634,55.8717047551136,-2.7876699617527514,27.78766996175275,-0.1206746570575925
2460000000,2470000000,55.81597427461287,-2.7853375484182514,27.78533754841825,65.96187266917033,121.75,25.0,-0.13644711951526522,55.8438336838299,-2.786544294988829,27.78654429498883,-0.12863401973373634
2470000000,2480000000,55.78812733082967,-2.7840512082209123,27.784051208220912,66.23970635889657,122.0,25.0,-0.14411627490697887,55.81597427461287,-2.7853375484182514,27.78533754841825,-0.13644711951526522
2480000000,2490000000,55.76029364110343,-2.7826867370257595,27.78268673702576,66.51752602045308,122.25,25.0,-0.15164376839068971,55.78812733082967,-2.7840512082209123,27.784051208220912,-0.14411627490697887
2490000000,2500000000,55.732473979546924,-2.7812455742766886,27.78124557427669,66.79533089400742,122.5,25.0,-0.15903184698323525,55.76029364110343,-2.7826867370257595,27.78268673702576,-0.15164376839068971
2500000000,2510000000,55.70466910599258,-2.779729136592781,27.77972913659278,67.073120233781,122.75,25.0,-0.16628272278586564,55.732473979546924,-2.7812455742766886,27.78124557427669,-0.15903184698323525
2510000000,2520000000,55.676879766219,-2.7781388181229474,27.778138818122947,67.35089330782608,123.0,25.0,-0.17339857352514576,55.70466910599258,-2.779729136592781,27.77972913659278,-0.16628272278586564
2520000000,2530000000,55.649106692173916,-2.77647599089509,27.77647599089509,67.62864939780636,123.25,25.0,-0.18038154308543186,55.676879766219,-2.7781388181229474,27.778138818122947,-0.17339857352514576
2530000000,2540000000,55.621350602193644,-2.774742005159837,27.774742005159837,67.9063877987808,123.5,25.0,-0.1872337420331589,55.649106692173916,-2.77647599089509,27.77647599089509,-0.18038154308543186
2540000000,2550000000,55.5936122012192,-2.7729381897289826,27.772938189728983,68.18410781899098,123.75,25.0,-0.19395724813294324,55.621350602193644,-2.774742005159837,27.774742005159837,-0.1872337420331589
2550000000,2560000000,55.56589218100902,-2.771065852308652,27.771065852308652,68.46180877965166,124.0,25.0,-0.20055410685577346,55.5936122012192,-2.7729381897289826,27.772938189728983,-0.19395724813294324
2560000000,2570000000,55.53819122034834,-2.769126279827322,27.769126279827322,68.73949001474459,124.25,25.0,-0.20702633187926844,55.56589218100902,-2.771065852308652,27.771065852308652,-0.20055410685577346
2570000000,2580000000,55.51050998525541,-2.767120738758763,27.767120738758763,69.01715087081558,124.5,25.0,-0.21337590558021313,55.53819122034834,-2.769126279827322,27.769126279827322,-0.20702633187926844
2580000000,2590000000,55.482849129184416,-2.7650504754399705,27.76505047543997,69.2947907067747,124.75,25.0,-0.219604779519472,55.51050998525541,-2.767120738758763,27.767120738758763,-0.21337590558021313
2590000000,2600000000,55.455209293225295,-2.7629167163841686,27.76291671638417,69.57240889369956,125.0,25.0,-0.22571487491940223,55.482849129184416,-2.7650504754399705,27.76505047543997,-0.219604779519472
2600000000,2610000000,55.42759110630044,-2.7607206685889736,27.760720668588974,69.8500048146417,125.25,25.0,-0.2317080831338374,55.455209293225295,-2.7629167163841686,27.76291671638417,-0.22571487491940223
2610000000,2620000000,55.39999518535831,-2.758463519839779,27.75846351983978,70.12757786443593,125.5,25.0,-0.23758626611082567,55.42759110630044,-2.7607206685889736,27.760720668588974,-0.2317080831338374
2620000000,2630000000,55.372422135564065,-2.7561464390084396,27.75614643900844,70.40512744951272,125.75,25.0,-0.24335125684821124,55.39999518535831,-2.758463519839779,27.75846351983978,-0.23758626611082567
2630000000,2640000000,55.34487255048728,-2.753770576347332,27.753770576347332,70.68265298771335,126.0,25.0,-0.24900485984213683,55.372422135564065,-2.7561464390084396,27.75614643900844,-0.24335125684821124
2640000000,2650000000,55.317347012286646,-2.7513370637788483,27.75133706377885,70.96015390810815,126.25,25.0,-0.2545488515285985,55.34487255048728,-2.753770576347332,27.753770576347332,-0.24900485984213683
2650000000,2660000000,55.289846091891846,-2.748847015180427,27.748847015180427,71.23762965081738,126.5,25.0,-0.2599849807181873,55.317347012286646,-2.7513370637788483,27.75133706377885,-0.2545488515285985
2660000000,2670000000,55.26237034918262,-2.7463015266651425,27.746301526665142,71.51507966683499,126.75,25.0,-0.26531496902409035,55.289846091891846,-2.748847015180427,27.748847015180427,-0.2599849807181873
2670000000,2680000000,55.23492033316501,-2.7437016768579596,27.74370167685796,71.79250341785512,127.0,25.0,-0.27054051128345336,55.26237034918262,-2.7463015266651425,27.746301526665142,-0.26531496902409035
2680000000,2690000000,55.207496582144884,-2.7410485271677203,27.74104852716772,72.06990037610123,127.25,25.0,-0.2756632759722266,55.23492033316501,-2.7437016768579596,27.74370167685796,-0.27054051128345336
2690000000,2700000000,55.18009962389877,-2.7383431220548857,27.738343122054886,72.34727002415798,127.5,25.0,-0.28068490561360804,55.207496582144884,-2.7410485271677203,27.74104852716772,-0.2756632759722266
2700000000,2710000000,55.15272997584202,-2.7355864892951622,27.735586489295162,72.62461185480565,127.75,25.0,-0.2856070171801086,55.18009962389877,-2.7383431220548857,27.738343122054886,-0.28068490561360804
2710000000,2720000000,55.12538814519435,-2.732779640239027,27.732779640239027,72.90192537085719,128.0,25.0,-0.29043120248944776,55.15272997584202,-2.7355864892951622,27.735586489295162,-0.2856070171801086
2720000000,2730000000,55.098074629142815,-2.729923570067225,27.729923570067225,73.17921008499773,128.25,25.0,-0.29515902859429843,55.12538814519435,-2.732779640239027,27.732779640239027,-0.29043120248944776
2730000000,2740000000,55.070789915002266,-2.727019258042329,27.72701925804233,73.45646551962672,128.5,25.0,-0.29979203816597755,55.098074629142815,-2.729923570067225,27.729923570067225,-0.29515902859429843
2740000000,2750000000,55.04353448037328,-2.724067667756387,27.724067667756387,73.73369120670237,128.75,25.0,-0.3043317498722242,55.070789915002266,-2.727019258042329,27.72701925804233,-0.29979203816597755
2750000000,2760000000,55.016308793297625,-2.7210697473747274,27.721069747374727,74.01088668758862,129.0,25.0,-0.3087796587491187,55.04353448037328,-2.724067667756387,27.724067667756387,-0.3043317498722242
2760000000,2770000000,54.98911331241138,-2.718026429876005,27.718026429876005,74.28805151290445,129.25,25.0,-0.3131372365672358,55.016308793297625,-2.7210697473747274,27.721069747374727,-0.3087796587491187
2770000000,2780000000,54.961948487095555,-2.714938633288515,27.714938633288515,74.56518524237549,129.5,25.0,-0.317405932192127,54.98911331241138,-2.718026429876005,27.718026429876005,-0.3131372365672358
2780000000,2790000000,54.93481475762451,-2.7118072609228427,27.711807260922843,74.84228744468811,129.75,25.0,-0.32158717193924513,54.961948487095555,-2.714938633288515,27.714938633288515,-0.317405932192127
2790000000,2800000000,54.90771255531189,-2.7086332016009216,27.70863320160092,75.11935769734552,130.0,25.0,-0.3256823599233267,54.93481475762451,-2.7118072609228427,27.711807260922843,-0.32158717193924513
2800000000,2810000000,54.88064230265448,-2.7054173298815307,27.70541732988153,75.39639558652635,130.25,25.0,-0.3296928784024291,54.90771255531189,-2.7086332016009216,27.70863320160092,-0.3256823599233267
2810000000,2820000000,54.85360441347365,-2.702160506282297,27.702160506282297,75.67340070694526,130.5,25.0,-0.3336200881165734,54.88064230265448,-2.7054173298815307,27.70541732988153,-0.3296928784024291
2820000000,2830000000,54.82659929305474,-2.6988635774982725,27.698863577498273,75.95037266171583,130.75,25.0,-0.33746532862118617,54.85360441347365,-2.702160506282297,27.702160506282297,-0.3336200881165734
2830000000,2840000000,54.79962733828417,-2.6955273766171075,27.695527376617108,76.22731106221558,131.0,25.0,-0.3412299186153609,54.82659929305474,-2.6988635774982725,27.698863577498273,-0.33746532862118617
2840000000,2850000000,54.77268893778442,-2.6921527233308957,27.692152723330896,76.50421552795297,131.25,25.0,-0.3449151562650514,54.79962733828417,-2.6955273766171075,27.695527376617108,-0.3412299186153609
2850000000,2860000000,54.745784472047035,-2.6887404241447435,27.688740424144743,76.7810856864366,131.5,25.0,-0.3485223195212481,54.77268893778442,-2.6921527233308957,27.692152723330896,-0.3449151562650514
2860000000,2870000000,54.7189143135634,-2.6852912725820914,27.68529127258209,77.05792117304644,131.75,25.0,-0.35205266643322064,54.745784472047035,-2.6887404241447435,27.688740424144743,-0.3485223195212481
2870000000,2880000000,54.69207882695356,-2.6818060493868785,27.68180604938688,77.33472163090698,132.0,25.0,-0.355507435456917,54.7189143135634,-2.6852912725820914,27.68529127258209,-0.35205266643322064
2880000000,2890000000,54.665278369093016,-2.678285522722547,27.678285522722547,77.61148671076243,132.25,25.0,-0.3588878457586189,54.69207882695356,-2.6818060493868785,27.68180604938688,-0.355507435456917
2890000000,2900000000,54.638513289237565,-2.6747304483679777,27.674730448367978,77.88821607085383,132.5,25.0,-0.36219509751383727,54.665278369093016,-2.678285522722547,27.678285522722547,-0.3588878457586189
2900000000,2910000000,54.61178392914617,-2.671141569910393,27.671141569910393,78.16490937679805,132.75,25.0,-0.365430372201613,54.638513289237565,-2.6747304483679777,27.674730448367978,-0.36219509751383727
2910000000,2920000000,54.58509062320195,-2.6675196189352555,27.667519618935255,78.4415663014688,133.0,25.0,-0.3685948328942694,54.61178392914617,-2.671141569910393,27.671141569910393,-0.365430372201613
2920000000,2930000000,54.5584336985312,-2.66386531521324,27.66386531521324,78.71818652487929,133.25,25.0,-0.37168962454263266,54.58509062320195,-2.6675196189352555,27.667519618935255,-0.3685948328942694
2930000000,2940000000,54.531813475120714,-2.6601793668842966,27.660179366884297,78.9947697340669,133.5,25.0,-0.37471587425691677,54.5584336985312,-2.66386531521324,27.66386531521324,-0.37168962454263266
2940000000,2950000000,54.50523026593309,-2.6564624706388713,27.65646247063887,79.27131562297959,133.75,25.0,-0.3776746915831626,54.531813475120714,-2.6601793668842966,27.660179366884297,-0.37471587425691677
2950000000,2960000000,54.478684377020414,-2.6527153118963014,27.6527153118963,79.54782389236397,134.0,25.0,-0.3805671687754706,54.50523026593309,-2.6564624706388713,27.65646247063887,-0.3776746915831626
2960000000,2970000000,54.452176107636035,-2.648938564980469,27.64893856498047,79.82429424965534,134.25,25.0,-0.38339438106397505,54.478684377020414,-2.6527153118963014,27.6527153118963,-0.3805671687754706
2970000000,2980000000,54.42570575034466,-2.6451328932927147,27.645132893292715,80.1007264088692,134.5,25.0,-0.3861573869186965,54.452176107636035,-2.648938564980469,27.64893856498047,-0.38339438106397505
2980000000,2990000000,54.39927359113079,-2.641298949482074,27.641298949482074,80.37712009049467,134.75,25.0,-0.3888572283093019,54.42570575034466,-2.6451328932927147,27.645132893292715,-0.3861573869186965
2990000000,3000000000,54.37287990950533,-2.637437375612887,27.637437375612887,80.65347502138938,135.0,25.0,-0.3914949309607998,54.39927359113079,-2.641298949482074,27.641298949482074,-0.3888572283093019
3000000000,3010000000,54.34652497861062,-2.633548803329795,27.633548803329795,80.92979093467613,135.25,25.0,-0.394071504605364,54.37287990950533,-2.637437375612887,27.637437375612887,-0.3914949309607998
3010000000,3020000000,54.320209065323866,-2.629633854020188,27.629633854020188,81.2060675696411,135.5,25.0,-0.3965879432301791,54.34652497861062,-2.633548803329795,27.633548803329795,-0.394071504605364
3020000000,3030000000,54.29393243035889,-2.6256931389741354,27.625693138974135,81.48230467163368,135.75,25.0,-0.39904522532147224,54.320209065323866,-2.629633854020188,27.629633854020188,-0.3965879432301791
3030000000,3040000000,54.267695328366315,-2.621727259541835,27.621727259541835,81.75850199196783,136.0,25.0,-0.4014443141047721,54.29393243035889,-2.6256931389741354,27.625693138974135,-0.39904522532147224
3040000000,3050000000,54.24149800803217,-2.617736807288619,27.61773680728862,82.03465928782501,136.25,25.0,-0.4037861577814539,54.267695328366315,-2.621727259541835,27.621727259541835,-0.4014443141047721
3050000000,3060000000,54.21534071217499,-2.61372236414757,27.61372236414757,82.31077632215859,136.5,25.0,-0.40607168976160857,54.24149800803217,-2.617736807288619,27.61773680728862,-0.4037861577814539
3060000000,3070000000,54.18922367784141,-2.609684502569756,27.609684502569756,82.58685286359979,136.75,25.0,-0.4083018288933098,54.21534071217499,-2.61372236414757,27.61372236414757,-0.40607168976160857
3070000000,3080000000,54.16314713640021,-2.6056237856721403,27.60562378567214,82.86288868636507,137.0,25.0,-0.41047747968833415,54.18922367784141,-2.609684502569756,27.609684502569756,-0.4083018288933098
3080000000,3090000000,54.13711131363493,-2.601540767383206,27.601540767383206,83.13888357016492,137.25,25.0,-0.4125995325443683,54.16314713640021,-2.6056237856721403,27.60562378567214,-0.41047747968833415
3090000000,3100000000,54.11111642983508,-2.5974359925863233,27.597435992586323,83.41483730011416,137.5,25.0,-0.4146688639638052,54.13711131363493,-2.601540767383206,27.601540767383206,-0.4125995325443683
3100000000,3110000000,54.08516269988584,-2.593309997260878,27.593309997260878,83.69074966664357,137.75,25.0,-0.4166863367691298,54.11111642983508,-2.5974359925863233,27.597435992586323,-0.4146688639638052
3110000000,3120000000,54.05925033335643,-2.5891633086212416,27.58916330862124,83.96662046541294,138.0,25.0,-0.41865280031497054,54.08516269988584,-2.593309997260878,27.593309997260878,-0.4166863367691298
3120000000,3130000000,54.033379534587056,-2.5849964452535517,27.58499644525355,84.24244949722546,138.25,25.0,-0.4205690906968913,54.05925033335643,-2.5891633086212416,27.58916330862124,-0.41865280031497054
3130000000,3140000000,54.007550502774535,-2.580809917250402,27.580809917250402,84.51823656794343,138.5,25.0,-0.42243603095690707,54.033379534587056,-2.5849964452535517,27.58499644525355,-0.4205690906968913
3140000000,3150000000,53.98176343205657,-2.5766042263434343,27.576604226343434,84.79398148840531,138.75,25.0,-0.4242544312858558,54.007550502774535,-2.580809917250402,27.580809917250402,-0.42243603095690707
3150000000,3160000000,53.95601851159469,-2.5723798660338666,27.572379866033867,85.06968407434408,139.0,25.0,-0.4260250892226254,53.98176343205657,-2.5766042263434343,27.576604226343434,-0.4242544312858558
3160000000,3170000000,53.93031592565592,-2.5681373217210073,27.568137321721007,85.34534414630683,139.25,25.0,-0.4277487898502774,53.95601851159469,-2.5723798660338666,27.572379866033867,-0.4260250892226254
3170000000,3180000000,53.90465585369317,-2.563877070828781,27.56387707082878,85.62096152957562,139.5,25.0,-0.4294263059891654,53.93031592565592,-2.5681373217210073,27.568137321721007,-0.4277487898502774
3180000000,3190000000,53.879038470424376,-2.5595995829302787,27.55959958293028,85.89653605408964,139.75,25.0,-0.43105839838703686,53.90465585369317,-2.563877070828781,27.56387707082878,-0.4294263059891654
3190000000,3200000000,53.85346394591036,-2.5553053198703886,27.55530531987039,86.17206755436843,140.0,25.0,-0.4326458159061999,53.879038470424376,-2.5595995829302787,27.55959958293028,-0.43105839838703686
3200000000,3210000000,53.827932445631575,-2.550994735886519,27.55099473588652,86.4475558694365,140.25,25.0,-0.4341892957077942,53.85346394591036,-2.5553053198703886,27.55530531987039,-0.4326458159061999
3210000000,3220000000,53.8024441305635,-2.5466682777274556,27.546668277727456,86.72300084274899,140.5,25.0,-0.4356895634331943,53.827932445631575,-2.550994735886519,27.55099473588652,-0.4341892957077942
3220000000,3230000000,53.77699915725101,-2.5423263847703765,27.542326384770377,86.99840232211851,140.75,25.0,-0.43714733338263434,53.8024441305635,-2.5466682777274556,27.546668277727456,-0.4356895634331943
3230000000,3240000000,53.75159767788149,-2.537969489136046,27.537969489136046,87.27376015964319,141.0,25.0,-0.43856330869104543,53.77699915725101,-2.5423263847703765,27.542326384770377,-0.43714733338263434
3240000000,3250000000,53.72623984035681,-2.5335980158022195,27.53359801580222,87.54907421163577,141.25,25.0,-0.43993818150115693,53.75159767788149,-2.537969489136046,27.537969489136046,-0.43856330869104543
3250000000,3260000000,53.70092578836423,-2.5292123827153077,27.529212382715308,87.82434433855386,141.5,25.0,-0.4412726331339436,53.72623984035681,-2.5335980158022195,27.53359801580222,-0.43993818150115693
3260000000,3270000000,53.67565566144614,-2.524813000900295,27.524813000900295,88.0995704049312,141.75,25.0,-0.4425673342564238,53.70092578836423,-2.5292123827153077,27.529212382715308,-0.4412726331339436
3270000000,3280000000,53.6504295950688,-2.5204002745689564,27.520400274568956,88.37475227931019,142.0,25.0,-0.44382294504685893,53.67565566144614,-2.524813000900295,27.524813000900295,-0.4425673342564238
3280000000,3290000000,53.62524772068981,-2.515974601226393,27.515974601226393,88.6498898341752,142.25,25.0,-0.44504011535737,53.6504295950688,-2.5204002745689564,27.520400274568956,-0.44382294504685893
3290000000,3300000000,53.6001101658248,-2.511536371775925,27.511536371775925,88.9249829458872,142.5,25.0,-0.4462194848740939,53.62524772068981,-2.515974601226393,27.515974601226393,-0.44504011535737
3300000000,3310000000,53.575017054112806,-2.5070859706223523,27.507085970622352,89.20003149461917,142.75,25.0,-0.4473616832747913,53.6001101658248,-2.511536371775925,27.511536371775925,-0.4462194848740939
3310000000,3320000000,53.54996850538083,-2.5026237757736105,27.50262377577361,89.47503536429275,143.0,25.0,-0.44846733038407516,53.575017054112806,-2.5070859706223523,27.507085970622352,-0.4473616832747913
3320000000,3330000000,53.52496463570725,-2.498150158940863,27.498150158940863,89.74999444251564,143.25,25.0,-0.44953703632618636,53.54996850538083,-2.5026237757736105,27.50262377577361,-0.44846733038407516
3330000000,3340000000,53.50000555748436,-2.493665485637024,27.493665485637024,90.02490862052021,143.5,25.0,-0.45057140167545207,53.52496463570725,-2.498150158940863,27.498150158940863,-0.44953703632618636
3340000000,3350000000,53.47509137947979,-2.4891701152737618,27.48917011527376,90.29977779310286,143.75,25.0,-0.4515710176043415,53.50000555748436,-2.493665485637024,27.493665485637024,-0.45057140167545207
3350000000,3360000000,53.45022220689714,-2.4846644012570067,27.484664401257007,90.57460185856455,144.0,25.0,-0.4525364660293114,53.47509137947979,-2.4891701152737618,27.48917011527376,-0.4515710176043415
3360000000,3370000000,53.42539814143545,-2.480148691080963,27.480148691080963,90.84938071865206,144.25,25.0,-0.45346831975433854,53.45022220689714,-2.4846644012570067,27.484664401257007,-0.4525364660293114
3370000000,3380000000,53.40061928134794,-2.4756233264206706,27.47562332642067,91.12411427850029,144.5,25.0,-0.4543671426122544,53.42539814143545,-2.480148691080963,27.480148691080963,-0.45346831975433854
3380000000,3390000000,53.375885721499714,-2.4710886432231263,27.471088643223126,91.39880244657539,144.75,25.0,-0.45523348960387633,53.40061928134794,-2.4756233264206706,27.47562332642067,-0.4543671426122544
3390000000,3400000000,53.35119755342461,-2.4665449717970027,27.466544971797003,91.67344513461887,145.0,25.0,-0.4560679070349929,53.375885721499714,-2.4710886432231263,27.471088643223126,-0.45523348960387633
3400000000,3410000000,53.32655486538113,-2.4619926369009626,27.461992636900963,91.94804225759253,145.25,25.0,-0.4568709326512148,53.35119755342461,-2.4665449717970027,27.466544971797003,-0.4560679070349929
3410000000,3420000000,53.30195774240747,-2.457431957830611,27.45743195783061,92.22259373362421,145.5,25.0,-0.4576430957707669,53.32655486538113,-2.4619926369009626,27.461992636900963,-0.4568709326512148
3420000000,3430000000,53.27740626637579,-2.452863248504098,27.452863248504098,92.49709948395446,145.75,25.0,-0.4583849174151915,53.30195774240747,-2.457431957830611,27.45743195783061,-0.4576430957707669
3430000000,3440000000,53.25290051604554,-2.448286817546389,27.44828681754639,92.77155943288406,146.0,25.0,-0.45909691043804157,53.27740626637579,-2.452863248504098,27.452863248504098,-0.4583849174151915
3440000000,3450000000,53.22844056711594,-2.4437029683722358,27.443702968372236,93.04597350772227,146.25,25.0,-0.45977957965158156,53.25290051604554,-2.448286817546389,27.44828681754639,-0.45909691043804157
3450000000,3460000000,53.204026492277734,-2.4391119992678547,27.439111999267855,93.32034163873597,146.5,25.0,-0.46043342195152803,53.22844056711594,-2.4437029683722358,27.443702968372236,-0.45977957965158156
3460000000,3470000000,53.17965836126403,-2.4345142034713376,27.434514203471338,93.59466375909959,146.75,25.0,-0.46105892643984303,53.204026492277734,-2.4391119992678547,27.439111999267855,-0.46043342195152803
3470000000,3480000000,53.15533624090041,-2.429909869251823,27.429909869251823,93.8689398048458,147.0,25.0,-0.46165657454564624,53.17965836126403,-2.4345142034713376,27.434514203471338,-0.46105892643984303
3480000000,3490000000,53.131060195154205,-2.4252992799874242,27.425299279987424,94.14316971481693,147.25,25.0,-0.4622268401442522,53.15533624090041,-2.429909869251823,27.429909869251823,-0.46165657454564624
3490000000,3500000000,53.106830285183065,-2.4206827142419662,27.420682714241966,94.41735343061735,147.5,25.0,-0.46277018967433436,53.131060195154205,-2.4252992799874242,27.425299279987424,-0.4622268401442522
3500000000,3510000000,53.082646569382646,-2.4160604458405253,27.416060445840525,94.69149089656626,147.75,25.0,-0.46328708225331994,53.106830285183065,-2.4206827142419662,27.420682714241966,-0.46277018967433436
3510000000,3520000000,53.058509103433735,-2.411432743943781,27.41143274394378,94.96558205965158,148.0,25.0,-0.4637779697909794,53.082646569382646,-2.4160604458405253,27.416060445840525,-0.46328708225331994
3520000000,3530000000,53.03441794034842,-2.4067998731212477,27.406799873121248,95.2396268694843,148.25,25.0,-0.46424329710121537,53.058509103433735,-2.411432743943781,27.41143274394378,-0.4637779697909794
3530000000,3540000000,53.0103731305157,-2.402162093423339,27.40216209342334,95.51362527825368,148.5,25.0,-0.46468350201220643,53.03441794034842,-2.4067998731212477,27.406799873121248,-0.46424329710121537
3540000000,3550000000,52.986374721746316,-2.3975196604523283,27.39751966045233,95.7875772406831,148.75,25.0,-0.4650990154747632,53.0103731305157,-2.402162093423339,27.40216209342334,-0.46468350201220643
3550000000,3560000000,52.962422759316894,-2.3928728254322067,27.392872825432207,96.06148271398665,149.0,25.0,-0.46549026166905527,52.986374721746316,-2.3975196604523283,27.39751966045233,-0.4650990154747632
3560000000,3570000000,52.93851728601335,-2.3882218352774593,27.38822183527746,96.33534165782635,149.25,25.0,-0.46585765810964386,52.962422759316894,-2.3928728254322067,27.392872825432207,-0.46549026166905527
3570000000,3580000000,52.91465834217365,-2.38356693266077,27.38356693266077,96.60915403427005,149.5,25.0,-0.46620161574894414,52.93851728601335,-2.3882218352774593,27.38822183527746,-0.46585765810964386
3580000000,3590000000,52.89084596572995,-2.3789083560796733,27.378908356079673,96.88291980775006,149.75,25.0,-0.46652253907905017,52.91465834217365,-2.38356693266077,27.38356693266077,-0.46620161574894414
3590000000,3600000000,52.867080192249944,-2.374246339922184,27.374246339922184,97.15663894502232,150.0,25.0,-0.46682082623195287,52.89084596572995,-2.3789083560796733,27.378908356079673,-0.46652253907905017
3600000000,3610000000,52.84336105497768,-2.3695811145313925,27.369581114531393,97.43031141512633,150.25,25.0,-0.46709686907828774,52.867080192249944,-2.374246339922184,27.374246339922184,-0.46682082623195287
3610000000,3620000000,52.819688584873674,-2.3649129062690726,27.364912906269073,97.70393718934557,150.5,25.0,-0.4673510533244638,52.84336105497768,-2.3695811145313925,27.369581114531393,-0.46709686907828774
3620000000,3630000000,52.79606281065443,-2.360241937578291,27.36024193757829,97.97751624116867,150.75,25.0,-0.4675837586083649,52.819688584873674,-2.3649129062690726,27.364912906269073,-0.4673510533244638
3630000000,3640000000,52.77248375883133,-2.3555684270450463,27.355568427045046,98.25104854625118,151.0,25.0,-0.4677953585934995,52.79606281065443,-2.360241937578291,27.36024193757829,-0.4675837586083649
3640000000,3650000000,52.748951453748816,-2.3508925894589616,27.35089258945896,98.52453408237784,151.25,25.0,-0.4679862210617407,52.77248375883133,-2.3555684270450463,27.355568427045046,-0.4677953585934995
3650000000,3660000000,52.72546591762216,-2.346214635873025,27.346214635873025,98.79797282942552,151.5,25.0,-0.4681567080046225,52.748951453748816,-2.3508925894589616,27.35089258945896,-0.4679862210617407
3660000000,3670000000,52.70202717057448,-2.3415347736624064,27.341534773662406,99.07136476932675,151.75,25.0,-0.4683071757132127,52.72546591762216,-2.346214635873025,27.346214635873025,-0.4681567080046225
3670000000,3680000000,52.67863523067325,-2.3368532065823615,27.33685320658236,99.34470988603378,152.0,25.0,-0.46843797486658323,52.70202717057448,-2.3415347736624064,27.341534773662406,-0.4683071757132127
3680000000,3690000000,52.65529011396622,-2.3321701348252297,27.33217013482523,99.61800816548329,152.25,25.0,-0.4685494506189358,52.67863523067325,-2.3368532065823615,27.33685320658236,-0.46843797486658323
3690000000,3700000000,52.63199183451671,-2.3274857550765624,27.327485755076562,99.89125959556152,152.5,25.0,-0.46864194268534476,52.65529011396622,-2.3321701348252297,27.33217013482523,-0.4685494506189358
3700000000,3710000000,52.60874040443848,-2.3228002605703715,27.32280026057037,100.16446416607009,152.75,25.0,-0.4687157854262205,52.63199183451671,-2.3274857550765624,27.327485755076562,-0.46864194268534476
3710000000,3720000000,52.58553583392991,-2.318113841143518,27.318113841143518,100.43762186869225,153.0,25.0,-0.46877130793042276,52.60874040443848,-2.3228002605703715,27.32280026057037,-0.4687157854262205
3720000000,3730000000,52.56237813130775,-2.3134266832892543,27.313426683289254,100.71073269695975,153.25,25.0,-0.4688088340971004,52.58553583392991,-2.318113841143518,27.318113841143518,-0.46877130793042276
3730000000,3740000000,52.53926730304025,-2.3087389702099514,27.30873897020995,100.98379664622014,153.5,25.0,-0.4688286827162509,52.56237813130775,-2.3134266832892543,27.313426683289254,-0.4688088340971004
3740000000,3750000000,52.51620335377986,-2.3040508818689815,27.30405088186898,101.2568137136047,153.75,25.0,-0.4688311675480783,52.53926730304025,-2.3087389702099514,27.30873897020995,-0.4688286827162509
3750000000,3760000000,52.4931862863953,-2.2993625950418206,27.29936259504182,101.52978389799674,154.0,25.0,-0.46881659740104187,52.51620335377986,-2.3040508818689815,27.30405088186898,-0.4688311675480783
3760000000,3770000000,52.47021610200326,-2.2946742833663407,27.29467428336634,101.80270720000054,154.25,25.0,-0.4687852762087843,52.4931862863953,-2.2993625950418206,27.29936259504182,-0.46881659740104187
3770000000,3780000000,52.44729279999946,-2.2899861173923313,27.28998611739233,102.07558362191065,154.5,25.0,-0.468737503105797,52.47021610200326,-2.2946742833663407,27.29467428336634,-0.4687852762087843
3780000000,3790000000,52.42441637808935,-2.285298264630242,27.285298264630242,102.3484131676818,154.75,25.0,-0.46867357250196084,52.44729279999946,-2.2899861173923313,27.28998611739233,-0.468737503105797
3790000000,3800000000,52.4015868323182,-2.280610889599185,27.280610889599185,102.62119584289917,155.0,25.0,-0.46859377415589654,52.42441637808935,-2.285298264630242,27.285298264630242,-0.46867357250196084
3800000000,3810000000,52.37880415710083,-2.275924153874165,27.275924153874165,102.8939316547492,155.25,25.0,-0.46849839324722264,52.4015868323182,-2.280610889599185,27.280610889599185,-0.46859377415589654
3810000000,3820000000,52.356068345250804,-2.2712382161326055,27.271238216132605,103.16662061199087,155.5,25.0,-0.4683877104476424,52.37880415710083,-2.275924153874165,27.275924153874165,-0.46849839324722264
3820000000,3830000000,52.333379388009135,-2.2665532322001347,27.266553232200135,103.43926272492733,155.75,25.0,-0.46826200199096357,52.356068345250804,-2.2712382161326055,27.271238216132605,-0.4683877104476424
3830000000,3840000000,52.31073727507267,-2.2618693550956586,27.26186935509566,103.71185800537819,156.0,25.0,-0.46812153974203463,52.333379388009135,-2.2665532322001347,27.266553232200135,-0.46826200199096357
3840000000,3850000000,52.28814199462181,-2.2571867350757486,27.25718673507575,103.98440646665196,156.25,25.0,-0.46796659126457785,52.31073727507267,-2.2618693550956586,27.26186935509566,-0.46812153974203463
3850000000,3860000000,52.26559353334804,-2.25250551967833,27.25250551967833,104.25690812351918,156.5,25.0,-0.46779741988803325,52.28814199462181,-2.2571867350757486,27.25718673507575,-0.46796659126457785
3860000000,3870000000,52.24309187648082,-2.247825853765683,27.247825853765683,104.52936299218585,156.75,25.0,-0.4676142847733069,52.26559353334804,-2.25250551967833,27.25250551967833,-0.46779741988803325
3870000000,3880000000,52.22063700781415,-2.243147879566802,27.243147879566802,104.80177109026728,157.0,25.0,-0.46741744097751736,52.24309187648082,-2.247825853765683,27.247825853765683,-0.4676142847733069
3880000000,3890000000,52.19822890973272,-2.2384717367190703,27.23847173671907,105.07413243676243,157.25,25.0,-0.4672071395177815,52.22063700781415,-2.243147879566802,27.243147879566802,-0.46741744097751736
3890000000,3900000000,52.175867563237574,-2.233797562309295,27.233797562309295,105.34644705202854,157.5,25.0,-0.4669836274339434,52.19822890973272,-2.2384717367190703,27.23847173671907,-0.4672071395177815
3900000000,3910000000,52.15355294797146,-2.229125490914118,27.229125490914118,105.6187149577563,157.75,25.0,-0.46674714785038374,52.175867563237574,-2.233797562309295,27.233797562309295,-0.4669836274339434
3910000000,3920000000,52.131285042243704,-2.2244556546397796,27.22445565463978,105.8909361769453,158.0,25.0,-0.4664979400368421,52.15355294797146,-2.229125490914118,27.229125490914118,-0.46674714785038374
3920000000,3930000000,52.1090638230547,-2.219788183161274,27.219788183161274,106.16311073387992,158.25,25.0,-0.4662362394683228,52.131285042243704,-2.2244556546397796,27.22445565463978,-0.4664979400368421
3930000000,3940000000,52.08688926612008,-2.215123203760907,27.215123203760907,106.43523865410556,158.5,25.0,-0.4659622778840542,52.1090638230547,-2.219788183161274,27.219788183161274,-0.4662362394683228
3940000000,3950000000,52.06476134589444,-2.210460841366224,27.210460841366224,106.70731996440533,158.75,25.0,-0.4656762833455357,52.08688926612008,-2.215123203760907,27.215123203760907,-0.4659622778840542
3950000000,3960000000,52.04268003559467,-2.205801218587382,27.205801218587382,106.97935469277704,159.0,25.0,-0.46537848029368245,52.06476134589444,-2.210460841366224,27.210460841366224,-0.4656762833455357
3960000000,3970000000,52.02064530722296,-2.2011444557539264,27.201144455753926,107.25134286841056,159.25,25.0,-0.4650690896050995,52.04268003559467,-2.205801218587382,27.205801218587382,-0.46537848029368245
3970000000,3980000000,51.99865713158944,-2.1964906709509897,27.19649067095099,107.52328452166559,159.5,25.0,-0.4647483286474845,52.02064530722296,-2.2011444557539264,27.201144455753926,-0.4650690896050995
3980000000,3990000000,51.97671547833441,-2.19183998005494,27.19183998005494,107.79517968404971,159.75,25.0,-0.4644164113341529,51.99865713158944,-2.1964906709509897,27.19649067095099,-0.4647483286474845
3990000000,4000000000,51.954820315950286,-2.187192496768464,27.187192496768464,108.06702838819683,160.0,25.0,-0.46407354817772806,51.97671547833441,-2.19183998005494,27.19183998005494,-0.4644164113341529
4000000000,4010000000,51.93297161180317,-2.1825483326551236,27.182548332655124,108.33883066784597,160.25,25.0,-0.4637199463430015,51.954820315950286,-2.187192496768464,27.187192496768464,-0.46407354817772806
4010000000,4020000000,51.91116933215403,-2.177907597173345,27.177907597173345,108.61058655782038,160.5,25.0,-0.46335580969897805,51.93297161180317,-2.1825483326551236,27.182548332655124,-0.4637199463430015
4020000000,4030000000,51.88941344217962,-2.1732703977099135,27.173270397709913,108.88229609400699,160.75,25.0,-0.46298133887010895,51.91116933215403,-2.177907597173345,27.177907597173345,-0.46335580969897805
4030000000,4040000000,51.86770390599301,-2.1686368396129225,27.168636839612923,109.15395931333617,161.0,25.0,-0.46259673128673473,51.88941344217962,-2.1732703977099135,27.173270397709913,-0.46298133887010895
4040000000,4050000000,51.84604068666383,-2.1640070262242226,27.164007026224223,109.42557625376185,161.25,25.0,-0.46220218123473655,51.86770390599301,-2.1686368396129225,27.168636839612923,-0.46259673128673473
4050000000,4060000000,51.82442374623815,-2.159381058911354,27.159381058911354,109.6971469542419,161.5,25.0,-0.4617978799044442,51.84604068666383,-2.1640070262242226,27.164007026224223,-0.46220218123473655
4060000000,4070000000,51.8028530457581,-2.154759037099005,27.154759037099005,109.96867145471889,161.75,25.0,-0.4613840154387323,51.82442374623815,-2.159381058911354,27.159381058911354,-0.4617978799044442
4070000000,4080000000,51.78132854528111,-2.150141058299962,27.150141058299962,110.24014979610111,162.0,25.0,-0.46096077298044813,51.8028530457581,-2.154759037099005,27.154759037099005,-0.4613840154387323
4080000000,4090000000,51.75985020389889,-2.145527218145574,27.145527218145574,110.51158202024392,162.25,25.0,-0.4605283347190441,51.78132854528111,-2.150141058299962,27.150141058299962,-0.46096077298044813
4090000000,4100000000,51.73841797975608,-2.1409176104157694,27.14091761041577,110.78296816993134,162.5,25.0,-0.46008687993650277,51.75985020389889,-2.145527218145574,27.145527218145574,-0.4605283347190441
4100000000,4110000000,51.71703183006866,-2.1363123270685804,27.13631232706858,111.05430828885802,162.75,25.0,-0.45963658505257454,51.73841797975608,-2.1409176104157694,27.14091761041577,-0.46008687993650277
4110000000,4120000000,51.695691711141976,-2.1317114582692156,27.131711458269216,111.32560242161146,163.0,25.0,-0.45917762366926906,51.71703183006866,-2.1363123270685804,27.13631232706858,-0.45963658505257454
4120000000,4130000000,51.674397578388536,-2.1271150924186912,27.12711509241869,111.59685061365447,163.25,25.0,-0.4587101666147042,51.695691711141976,-2.1317114582692156,27.131711458269216,-0.45917762366926906
4130000000,4140000000,51.65314938634553,-2.122523316181997,27.122523316181997,111.86805291130796,163.5,25.0,-0.45823438198625466,51.674397578388536,-2.1271150924186912,27.12711509241869,-0.4587101666147042
4140000000,4150000000,51.631947088692044,-2.1179362145158507,27.11793621451585,112.13920936173402,163.75,25.0,-0.4577504351930086,51.65314938634553,-2.122523316181997,27.122523316181997,-0.45823438198625466
4150000000,4160000000,51.61079063826598,-2.1133538706959882,27.11335387069599,112.41032001291921,164.0,25.0,-0.4572584889976268,51.631947088692044,-2.1179362145158507,27.11793621451585,-0.4577504351930086
4160000000,4170000000,51.589679987080785,-2.1087763663440597,27.10877636634406,112.6813849136582,164.25,25.0,-0.45675870355748627,51.61079063826598,-2.1133538706959882,27.11335387069599,-0.4572584889976268
4170000000,4180000000,51.568615086341794,-2.104203781454082,27.104203781454082,112.95240411353757,164.5,25.0,-0.4562512364652278,51.589679987080785,-2.1087763663440597,27.10877636634406,-0.45675870355748627
4180000000,4190000000,51.54759588646243,-2.0996361944185082,27.09963619441851,113.22337766291993,164.75,25.0,-0.4557362427886624,51.568615086341794,-2.104203781454082,27.104203781454082,-0.4562512364652278
4190000000,4200000000,51.52662233708007,-2.0950736820538545,27.095073682053854,113.49430561292833,165.0,25.0,-0.4552138751100756,51.54759588646243,-2.0996361944185082,27.09963619441851,-0.4557362427886624
4200000000,4210000000,51.50569438707167,-2.0905163196259693,27.09051631962597,113.76518801543084,165.25,25.0,-0.454684283564875,51.52662233708007,-2.0950736820538545,27.095073682053854,-0.4552138751100756
4210000000,4220000000,51.48481198456916,-2.0859641808748677,27.085964180874868,114.03602492302541,165.5,25.0,-0.45414761587971064,51.50569438707167,-2.0905163196259693,27.09051631962597,-0.454684283564875
4220000000,4230000000,51.46397507697459,-2.08141733803922,27.08141733803922,114.306816389025,165.75,25.0,-0.4536040174099396,51.48481198456916,-2.0859641808748677,27.085964180874868,-0.45414761587971064
4230000000,4240000000,51.443183610975,-2.076875861880424,27.076875861880424,114.57756246744293,166.0,25.0,-0.4530536311765476,51.46397507697459,-2.08141733803922,27.08141733803922,-0.4536040174099396
4240000000,4250000000,51.42243753255707,-2.0723398217063256,27.072339821706326,114.84826321297842,166.25,25.0,-0.4524965979024822,51.443183610975,-2.076875861880424,27.076875861880424,-0.4530536311765476
4250000000,4260000000,51.401736787021576,-2.06780928539456,27.06780928539456,115.11891868100247,166.5,25.0,-0.45193305604843825,51.42243753255707,-2.0723398217063256,27.072339821706326,-0.4524965979024822
4260000000,4270000000,51.38108131899753,-2.0632843194155335,27.063284319415533,115.38952892754382,166.75,25.0,-0.45136314184806414,51.401736787021576,-2.06780928539456,27.06780928539456,-0.45193305604843825
4270000000,4280000000,51.36047107245618,-2.0587649888550494,27.05876498885505,115.66009400927528,167.0,25.0,-0.45078698934266015,51.38108131899753,-2.0632843194155335,27.063284319415533,-0.45136314184806414
4280000000,4290000000,51.339905990724716,-2.05425135743657,27.05425135743657,115.93061398350018,167.25,25.0,-0.4502047304152983,51.36047107245618,-2.0587649888550494,27.05876498885505,-0.45078698934266015
4290000000,4300000000,51.31938601649982,-2.049743487543143,27.049743487543143,116.2010889081391,167.5,25.0,-0.44961649482443233,51.339905990724716,-2.05425135743657,27.05425135743657,-0.4502047304152983
4300000000,4310000000,51.2989110918609,-2.045241440238989,27.04524144023899,116.47151884171674,167.75,25.0,-0.4490224102369855,51.31938601649982,-2.049743487543143,27.049743487543143,-0.44961649482443233
4310000000,4320000000,51.278481158283256,-2.040745275290746,27.040745275290746,116.74190384334914,168.0,25.0,-0.4484226022609423,51.2989110918609,-2.045241440238989,27.04524144023899,-0.4490224102369855
4320000000,4330000000,51.258096156650865,-2.036255051188377,27.036255051188377,117.01224397273091,168.25,25.0,-0.447817194477397,51.278481158283256,-2.040745275290746,27.040745275290746,-0.4484226022609423
4330000000,4340000000,51.237756027269086,-2.0317708251657685,27.03177082516577,117.28253929012284,168.5,25.0,-0.44720630847214715,51.258096156650865,-2.036255051188377,27.036255051188377,-0.447817194477397
4340000000,4350000000,51.21746070987716,-2.027292653220993,27.027292653220993,117.55278985633963,168.75,25.0,-0.44659006386677125,51.237756027269086,-2.0317708251657685,27.03177082516577,-0.44720630847214715
4350000000,4360000000,51.19721014366037,-2.02282059013627,27.02282059013627,117.8229957327378,169.0,25.0,-0.4459685783492069,51.21746070987716,-2.027292653220993,27.027292653220993,-0.44659006386677125
4360000000,4370000000,51.177004267262205,-2.0183546894976025,27.018354689497603,118.09315698120385,169.25,25.0,-0.4453419677039372,51.19721014366037,-2.02282059013627,27.02282059013627,-0.4459685783492069
4370000000,4380000000,51.15684301879615,-2.0138950037141115,27.01389500371411,118.3632736641426,169.5,25.0,-0.4447103458415931,51.177004267262205,-2.0183546894976025,27.018354689497603,-0.4453419677039372
4380000000,4390000000,51.136726335857404,-2.0094415840370736,27.009441584037074,118.63334584446568,169.75,25.0,-0.4440738248281888,51.15684301879615,-2.0138950037141115,27.01389500371411,-0.4447103458415931
4390000000,4400000000,51.11665415553432,-2.004994480578656,27.004994480578656,118.90337358558023,170.0,25.0,-0.44343251491386004,51.136726335857404,-2.0094415840370736,27.009441584037074,-0.4440738248281888
4400000000,4410000000,51.096626414419774,-2.000553742330375,27.000553742330375,119.17335695137778,170.25,25.0,-0.4427865245611686,51.11665415553432,-2.004994480578656,27.004994480578656,-0.44343251491386004
4410000000,4420000000,51.076643048622216,-1.9961194171812373,26.996119417181237,119.44329600622336,170.5,25.0,-0.44213596047297754,51.096626414419774,-2.000553742330375,27.000553742330375,-0.4427865245611686
4420000000,4430000000,51.05670399377664,-1.9916915519356273,26.991691551935627,119.7131908149447,170.75,25.0,-0.44148092761985924,51.076643048622216,-1.9961194171812373,26.996119417181237,-0.44213596047297754
4430000000,4440000000,51.036809185055304,-1.9872701923308966,26.987270192330897,119.98304144282162,171.0,25.0,-0.4408215292671336,51.05670399377664,-1.9916915519356273,26.991691551935627,-0.44148092761985924
4440000000,4450000000,51.016958557178384,-1.982855383054698,26.982855383054698,120.2528479555757,171.25,25.0,-0.44015786700144033,51.036809185055304,-1.9872701923308966,26.987270192330897,-0.4408215292671336
4450000000,4460000000,50.9971520444243,-1.9784471677620274,26.978447167762027,120.52261041935998,171.5,25.0,-0.4394900407569198,51.016958557178384,-1.982855383054698,26.982855383054698,-0.44015786700144033
4460000000,4470000000,50.97738958064002,-1.9740455890920146,26.974045589092015,120.79232890074887,171.75,25.0,-0.43881814884099346,50.9971520444243,-1.9784471677620274,26.978447167762027,-0.4394900407569198
4470000000,4480000000,50.95767109925113,-1.969650688684446,26.969650688684446,121.06200346672827,172.0,25.0,-0.43814228795971766,50.97738958064002,-1.9740455890920146,26.974045589092015,-0.43881814884099346
4480000000,4490000000,50.93799653327173,-1.9652625071960372,26.965262507196037,121.33163418468583,172.25,25.0,-0.43746255324277294,50.95767109925113,-1.969650688684446,26.969650688684446,-0.43814228795971766
4490000000,4500000000,50.918365815314175,-1.9608810843164406,26.96088108431644,121.60122112240133,172.5,25.0,-0.4367790382680605,50.93799653327173,-1.9652625071960372,26.965262507196037,-0.43746255324277294
4500000000,4510000000,50.89877887759867,-1.9565064587840126,26.956506458784013,121.87076434803726,172.75,25.0,-0.43609183508589866,50.918365815314175,-1.9608810843164406,26.96088108431644,-0.4367790382680605
4510000000,4520000000,50.879235651962745,-1.9521386684013322,26.952138668401332,122.14026393012952,173.0,25.0,-0.43540103424288534,50.89877887759867,-1.9565064587840126,26.956506458784013,-0.43609183508589866
4520000000,4530000000,50.85973606987048,-1.9477777500504736,26.947777750050474,122.4097199375783,173.25,25.0,-0.43470672480533734,50.879235651962745,-1.9521386684013322,26.952138668401332,-0.43540103424288534
4530000000,4540000000,50.8402800624217,-1.9434237397080452,26.943423739708045,122.67913243963913,173.5,25.0,-0.4340089943823986,50.85973606987048,-1.9477777500504736,26.947777750050474,-0.43470672480533734
4540000000,4550000000,50.82086756036087,-1.9390766724599935,26.939076672459993,122.94850150591401,173.75,25.0,-0.43330792914878513,50.8402800624217,-1.9434237397080452,26.943423739708045,-0.4340089943823986
4550000000,4560000000,50.80149849408599,-1.9347365825161695,26.93473658251617,123.2178272063427,174.0,25.0,-0.43260361386718627,50.82086756036087,-1.9390766724599935,26.939076672459993,-0.43330792914878513
4560000000,4570000000,50.782172793657296,-1.9304035032246816,26.93040350322468,123.48710961119426,174.25,25.0,-0.43189613191029674,50.80149849408599,-1.9347365825161695,26.93473658251617,-0.43260361386718627
4570000000,4580000000,50.762890388805744,-1.9260774670860101,26.92607746708601,123.75634879105851,174.5,25.0,-0.43118556528252205,50.782172793657296,-1.9304035032246816,26.93040350322468,-0.43189613191029674
4580000000,4590000000,50.743651208941486,-1.9217585057669062,26.921758505766906,124.02554481683792,174.75,25.0,-0.43047199464135844,50.762890388805744,-1.9260774670860101,26.92607746708601,-0.43118556528252205
4590000000,4600000000,50.72445518316208,-1.9174466501140799,26.91744665011408,124.29469775973934,175.0,25.0,-0.42975549931839385,50.743651208941486,-1.9217585057669062,26.921758505766906,-0.43047199464135844
4600000000,4610000000,50.705302240260664,-1.913141930167665,26.913141930167665,124.56380769126604,175.25,25.0,-0.4290361573400616,50.72445518316208,-1.9174466501140799,26.91744665011408,-0.42975549931839385
4610000000,4620000000,50.686192308733965,-1.908844375174482,26.908844375174482,124.83287468320991,175.5,25.0,-0.42831404544798946,50.705302240260664,-1.913141930167665,26.913141930167665,-0.4290361573400616
4620000000,4630000000,50.66712531679009,-1.9045540136010821,26.904554013601082,125.10189880764364,175.75,25.0,-0.42758923911909363,50.686192308733965,-1.908844375174482,26.908844375174482,-0.42831404544798946
4630000000,4640000000,50.648101192356364,-1.900270873146603,26.900270873146603,125.37088013691314,176.0,25.0,-0.42686181258533384,50.66712531679009,-1.9045540136010821,26.904554013601082,-0.42758923911909363
4640000000,4650000000,50.629119863086856,-1.895994980755411,26.89599498075541,125.63981874363007,176.25,25.0,-0.42613183885316164,50.648101192356364,-1.900270873146603,26.900270873146603,-0.42686181258533384
4650000000,4660000000,50.61018125636993,-1.8917263626295586,26.89172636262956,125.90871470066442,176.5,25.0,-0.42539938972268576,50.629119863086856,-1.895994980755411,26.89599498075541,-0.42613183885316164
4660000000,4670000000,50.59128529933558,-1.8874650442410257,26.887465044241026,126.17756808113735,176.75,25.0,-0.42466453580651486,50.61018125636993,-1.8917263626295586,26.89172636262956,-0.42539938972268576
4670000000,4680000000,50.57243191886265,-1.8832110503437995,26.8832110503438,126.446378958414,177.0,25.0,-0.423927346548316,50.59128529933558,-1.8874650442410257,26.887465044241026,-0.42466453580651486
4680000000,4690000000,50.553621041586,-1.8789644049857337,26.878964404985734,126.71514740609653,177.25,25.0,-0.4231878902411266,50.57243191886265,-1.8832110503437995,26.8832110503438,-0.423927346548316
4690000000,4700000000,50.534852593903466,-1.8747251315202504,26.87472513152025,126.98387349801723,177.5,25.0,-0.42244623404529036,50.553621041586,-1.8789644049857337,26.878964404985734,-0.4231878902411266
4700000000,4710000000,50.51612650198277,-1.8704932526178375,26.870493252617837,127.2525573082317,177.75,25.0,-0.4217024440062189,50.534852593903466,-1.8747251315202504,26.87472513152025,-0.42244623404529036
4710000000,4720000000,50.4974426917683,-1.8662687902773847,26.866268790277385,127.52119891101228,178.0,25.0,-0.42095658507180156,50.51612650198277,-1.8704932526178375,26.870493252617837,-0.4217024440062189
4720000000,4730000000,50.47880108898772,-1.8620517658373217,26.86205176583732,127.7897983808414,178.25,25.0,-0.42020872110958307,50.4974426917683,-1.8662687902773847,26.866268790277385,-0.42095658507180156
4730000000,4740000000,50.460201619158596,-1.857842199986603,26.857842199986603,128.05835579240522,178.5,25.0,-0.4194589149236767,50.47880108898772,-1.8620517658373217,26.86205176583732,-0.42020872110958307
4740000000,4750000000,50.44164420759478,-1.8536401127755084,26.85364011277551,128.32687122058724,178.75,25.0,-0.4187072282713813,50.460201619158596,-1.857842199986603,26.857842199986603,-0.4194589149236767
4750000000,4760000000,50.423128779412764,-1.8494455236262723,26.849445523626272,128.59534474046208,179.0,25.0,-0.41795372187958013,50.44164420759478,-1.8536401127755084,26.85364011277551,-0.4187072282713813
4760000000,4770000000,50.40465525953792,-1.8452584513435575,26.845258451343557,128.86377642728942,179.25,25.0,-0.41719845546085255,50.423128779412764,-1.8494455236262723,26.849445523626272,-0.41795372187958013
4770000000,4780000000,50.38622357271058,-1.8410789141247612,26.84107891412476,129.1321663565079,179.5,25.0,-0.41644148772936584,50.40465525953792,-1.8452584513435575,26.845258451343557,-0.41719845546085255
4780000000,4790000000,50.367833643492105,-1.8369069295701514,26.83690692957015,129.40051460372922,179.75,25.0,-0.4156828764165106,50.38622357271058,-1.8410789141247612,26.84107891412476,-0.41644148772936584
4790000000,4800000000,50.34948539627078,-1.8327425146928569,26.832742514692857,129.66882124473233,180.0,25.0,-0.41492267828627494,50.367833643492105,-1.8369069295701514,26.83690692957015,-0.4156828764165106
4800000000,4810000000,50.33117875526767,-1.8285856859286902,26.82858568592869,129.9370863554577,180.25,25.0,-0.4141609491504059,50.34948539627078,-1.8327425146928569,26.832742514692857,-0.41492267828627494
4810000000,4820000000,50.312913644542306,-1.8244364591458258,26.824436459145826,130.2053100120017,180.5,25.0,-0.4133977438833061,50.33117875526767,-1.8285856859286902,26.82858568592869,-0.4141609491504059
4820000000,4830000000,50.29468998799831,-1.8202948496543208,26.82029484965432,130.47349229061103,180.75,25.0,-0.41263311643674205,50.312913644542306,-1.8244364591458258,26.824436459145826,-0.4133977438833061
4830000000,4840000000,50.276507709388966,-1.8161608722154874,26.816160872215487,130.74163326767737,181.0,25.0,-0.41186711985429514,50.29468998799831,-1.8202948496543208,26.82029484965432,-0.41263311643674205
4840000000,4850000000,50.25836673232263,-1.8120345410511192,26.81203454105112,131.0097330197319,181.25,25.0,-0.4110998062855771,50.276507709388966,-1.8161608722154874,26.816160872215487,-0.41186711985429514
4850000000,4860000000,50.2402669802681,-1.8079158698525752,26.807915869852575,131.27779162344012,181.5,25.0,-0.41033122700026103,50.25836673232263,-1.8120345410511192,26.81203454105112,-0.4110998062855771
4860000000,4870000000,50.22220837655988,-1.803804871789719,26.80380487178972,131.54580915559666,181.75,25.0,-0.4095614324018555,50.2402669802681,-1.8079158698525752,26.807915869852575,-0.41033122700026103
4870000000,4880000000,50.20419084440334,-1.7997015595197148,26.799701559519715,131.81378569312022,182.0,25.0,-0.4087904720413078,50.22220837655988,-1.803804871789719,26.80380487178972,-0.4095614324018555
4880000000,4890000000,50.186214306879776,-1.795605945195696,26.795605945195696,132.08172131304858,182.25,25.0,-0.40801839463033773,50.20419084440334,-1.7997015595197148,26.799701559519715,-0.4087904720413078
4890000000,4900000000,50.168278686951425,-1.7915180404752817,26.79151804047528,132.34961609253358,182.5,25.0,-0.4072452480546551,50.186214306879776,-1.795605945195696,26.795605945195696,-0.40801839463033773
4900000000,4910000000,50.15038390746642,-1.7874378565289781,26.787437856528978,132.61747010883647,182.75,25.0,-0.40647107938686244,50.168278686951425,-1.7915180404752817,26.79151804047528,-0.4072452480546551
4910000000,4920000000,50.13252989116353,-1.783365404048432,26.783365404048432,132.885283439323,183.0,25.0,-0.4056959348992395,50.15038390746642,-1.7874378565289781,26.787437856528978,-0.40647107938686244
4920000000,4930000000,50.11471656067701,-1.7793006932545623,26.779300693254562,133.1530561614588,183.25,25.0,-0.4049198600763113,50.13252989116353,-1.783365404048432,26.783365404048432,-0.4056959348992395
4930000000,4940000000,50.09694383854119,-1.7752437339055689,26.77524373390557,133.42078835280486,183.5,25.0,-0.40414289962716765,50.11471656067701,-1.7793006932545623,26.779300693254562,-0.4049198600763113
4940000000,4950000000,50.07921164719514,-1.7711945353048044,26.771194535304804,133.68848009101293,183.75,25.0,-0.4033650974976888,50.09694383854119,-1.7752437339055689,26.77524373390557,-0.40414289962716765
4950000000,4960000000,50.061519908987066,-1.767153106308534,26.767153106308534,133.95613145382114,184.0,25.0,-0.40258649688248993,50.07921164719514,-1.7711945353048044,26.771194535304804,-0.4033650974976888
4960000000,4970000000,50.04386854617886,-1.7631194553335554,26.763119455333555,134.22374251904964,184.25,25.0,-0.4018071402367469,50.061519908987066,-1.767153106308534,26.767153106308534,-0.40258649688248993
4970000000,4980000000,50.02625748095036,-1.7590935903647313,26.75909359036473,134.49131336459627,184.5,25.0,-0.401027069287784,50.04386854617886,-1.7631194553335554,26.763119455333555,-0.4018071402367469
4980000000,4990000000,50.008686635403734,-1.7550755189623644,26.755075518962364,134.75884406843244,184.75,25.0,-0.4002463250465351,50.02625748095036,-1.7590935903647313,26.75909359036473,-0.401027069287784
4990000000,5000000000,49.99115593156756,-1.7510652482694873,26.751065248269487,135.02633470859888,185.0,25.0,-0.3994649478187702,50.008686635403734,-1.7550755189623644,26.755075518962364,-0.4002463250465351
